instant,dteday,season,mnth,weekday,weathersit,temp,hum,windspeed,cnt
1,2011-01-01,1,1,6,2,14.110847,80.5833,10.749882,985
2,2011-01-02,1,1,0,2,14.902598,69.6087,16.652113,801
3,2011-01-03,1,1,1,1,8.050924,43.7273,16.636703,1349
4,2011-01-04,1,1,2,1,8.2,59.0435,10.739832,1562
5,2011-01-05,1,1,3,1,9.305237,43.6957,12.5223,1600
6,2011-01-06,1,1,4,1,8.378268,51.8261,6.0008684,1606
7,2011-01-07,1,1,5,2,8.057402,49.8696,11.304642,1510
8,2011-01-08,1,1,6,2,6.765,53.5833,17.875868,959
9,2011-01-09,1,1,0,1,5.671653,43.4167,24.25065,822
10,2011-01-10,1,1,1,1,6.184153,48.2917,14.958889,1321
11,2011-01-11,1,1,2,2,6.932731,68.6364,8.182844,1263
12,2011-01-12,1,1,3,1,7.081807,59.9545,20.410009,1162
13,2011-01-13,1,1,4,1,6.765,47.0417,20.167,1406
14,2011-01-14,1,1,5,1,6.59567,53.7826,8.478716,1421
15,2011-01-15,1,1,6,2,9.566653,49.875,10.583521,1248
16,2011-01-16,1,1,0,1,9.498347,48.375,12.625011,1204
17,2011-01-17,1,1,1,2,7.209153,53.75,12.999139,1000
18,2011-01-18,1,1,2,2,8.883347,86.1667,9.833925,683
19,2011-01-19,1,1,3,2,11.979134,74.1739,13.957239,1650
20,2011-01-20,1,1,4,2,10.728347,53.8333,13.125568,1927
21,2011-01-21,1,1,5,1,7.2775,45.7083,23.667214,1543
22,2011-01-22,1,1,6,1,2.4243464,40,11.52199,981
23,2011-01-23,1,1,0,1,3.9573897,43.6522,16.5222,986
24,2011-01-24,1,1,1,1,3.9930433,49.1739,10.60811,1416
25,2011-01-25,1,1,2,2,9.162598,61.6957,8.696332,1985
26,2011-01-26,1,1,3,3,8.9175,86.25,19.68795,506
27,2011-01-27,1,1,4,1,7.995,68.75,7.627079,431
28,2011-01-28,1,1,5,2,8.342598,79.3043,8.2611,1167
29,2011-01-29,1,1,6,1,8.057402,65.1739,9.739455,1098
30,2011-01-30,1,1,0,1,8.877402,72.2174,4.9568342,1096
31,2011-01-31,1,1,1,2,7.414153,60.375,12.541864,1501
32,2011-02-01,1,2,2,2,7.879134,82.9565,3.565271,1360
33,2011-02-02,1,2,3,2,10.66,77.5417,17.708636,1526
34,2011-02-03,1,2,4,1,7.665237,43.7826,18.609384,1550
35,2011-02-04,1,2,5,2,8.663464,58.5217,8.565213,1708
36,2011-02-05,1,2,6,2,9.566653,92.9167,10.792293,1005
37,2011-02-06,1,2,0,1,11.719153,56.8333,9.5006,1623
38,2011-02-07,1,2,1,1,11.138347,73.8333,3.0423561,1712
39,2011-02-08,1,2,2,1,9.054153,53.7917,24.25065,1530
40,2011-02-09,1,2,3,2,5.526103,49.4783,12.652213,1605
41,2011-02-10,1,2,4,1,5.918268,43.7391,14.869645,1538
42,2011-02-11,1,2,5,1,7.752731,50.6364,7.27285,1746
43,2011-02-12,1,2,6,1,9.1225,54.4167,13.625589,1472
44,2011-02-13,1,2,0,1,12.977402,45.7391,17.479161,1589
45,2011-02-14,1,2,1,1,17.015,37.5833,27.999836,1913
46,2011-02-15,1,2,2,1,10.909567,31.4348,19.522058,1815
47,2011-02-16,1,2,3,1,13.048701,42.3478,16.869997,2115
48,2011-02-17,1,2,4,1,17.869153,50.5,15.416968,2475
49,2011-02-18,1,2,5,1,21.388347,51.6667,17.749975,2927
50,2011-02-19,1,2,6,1,16.365847,18.7917,34.000021,1635
51,2011-02-20,1,2,0,1,11.693897,40.7826,14.956745,1812
52,2011-02-21,1,2,1,2,12.436653,60.5,20.625682,1107
53,2011-02-22,1,2,2,1,7.471102,57.7778,13.110761,1450
54,2011-02-23,1,2,3,1,9.091299,42.3043,6.305571,1917
55,2011-02-24,1,2,4,2,12.121732,69.7391,16.783232,1807
56,2011-02-25,1,2,5,2,14.938268,71.2174,23.218113,1461
57,2011-02-26,1,2,6,1,11.5825,53.7917,12.500257,1969
58,2011-02-27,1,2,0,1,14.082598,68,8.391616,2402
59,2011-02-28,1,2,1,2,16.698193,87.6364,19.408962,1446
60,2011-03-01,1,3,2,1,10.933347,53.5,14.500475,1851
61,2011-03-02,1,3,3,1,13.735,44.9583,20.624811,2134
62,2011-03-03,1,3,4,1,8.131653,31.8333,15.125518,1685
63,2011-03-04,1,3,5,2,10.728347,61.0417,13.624182,1944
64,2011-03-05,1,3,6,2,15.750847,78.9167,16.875357,2077
65,2011-03-06,1,3,0,2,15.437402,94.8261,23.000229,605
66,2011-03-07,1,3,1,1,10.731299,55.1304,22.870584,1872
67,2011-03-08,1,3,2,1,11.9925,42.0833,8.08355,2133
68,2011-03-09,1,3,3,2,12.129153,77.5417,14.75005,1891
69,2011-03-10,1,3,4,3,15.952731,0,17.545759,623
70,2011-03-11,1,3,5,2,12.977402,64.9565,15.60899,1977
71,2011-03-12,1,3,6,1,13.495847,59.4583,14.791925,2132
72,2011-03-13,1,3,0,1,15.758268,52.7391,18.130468,2417
73,2011-03-14,1,3,1,1,13.333897,49.6957,9.174042,2046
74,2011-03-15,1,3,2,2,13.013031,65.5652,12.348703,2056
75,2011-03-16,1,3,3,2,14.973897,77.6522,13.608839,2192
76,2011-03-17,1,3,4,1,17.015,60.2917,14.041793,2744
77,2011-03-18,1,3,5,1,22.14,52.5217,15.478139,3239
78,2011-03-19,1,3,6,1,19.3725,37.9167,24.667189,3117
79,2011-03-20,1,3,0,1,13.6325,47.375,13.917307,2471
80,2011-03-21,2,3,1,2,17.647835,73.7391,19.348461,2077
81,2011-03-22,2,3,2,1,18.108347,62.4583,15.12525,2703
82,2011-03-23,2,3,3,2,14.225237,83.9565,15.695487,2121
83,2011-03-24,2,3,4,2,11.685,80.5833,16.333729,1865
84,2011-03-25,2,3,5,1,10.830847,49.5,15.458575,2210
85,2011-03-26,2,3,6,1,10.899153,39.4167,14.041257,2496
86,2011-03-27,2,3,0,2,10.374763,49.3913,12.3481,1693
87,2011-03-28,2,3,1,1,10.838268,30.2174,14.217668,2028
88,2011-03-29,2,3,2,1,12.4025,31.4167,15.208732,2425
89,2011-03-30,2,3,3,2,12.3,64.6667,11.583496,1536
90,2011-03-31,2,3,4,3,11.001653,91.8333,14.582282,1685
91,2011-04-01,2,4,5,2,12.3,68.625,17.333436,2227
92,2011-04-02,2,4,6,2,12.915,65.375,13.208782,2252
93,2011-04-03,2,4,0,1,15.511653,48,12.208271,3249
94,2011-04-04,2,4,1,1,23.506653,42.625,25.833257,3115
95,2011-04-05,2,4,2,2,16.980847,64.2083,26.000489,1795
96,2011-04-06,2,4,3,1,16.024153,47.0833,17.625221,2808
97,2011-04-07,2,4,4,1,17.9375,60.2917,10.874904,3141
98,2011-04-08,2,4,5,2,13.769153,83.625,15.208464,1471
99,2011-04-09,2,4,6,2,14.0425,87.75,8.916561,2455
100,2011-04-10,2,4,0,2,17.493347,85.75,9.833389,2895
101,2011-04-11,2,4,1,2,24.421732,71.6956,21.739758,3348
102,2011-04-12,2,4,2,2,20.6025,73.9167,18.416893,2034
103,2011-04-13,2,4,3,2,16.9125,81.9167,16.791339,2162
104,2011-04-14,2,4,4,1,19.1675,54.0417,7.4169,3267
105,2011-04-15,2,4,5,1,18.313347,67.125,15.167125,3126
106,2011-04-16,2,4,6,3,17.664153,88.8333,22.834136,795
107,2011-04-17,2,4,0,1,18.723347,47.9583,20.334232,3744
108,2011-04-18,2,4,1,1,21.0125,54.25,10.958989,3429
109,2011-04-19,2,4,2,2,20.739153,66.5833,10.584057,3204
110,2011-04-20,2,4,3,1,24.395,61.4167,16.208975,3944
111,2011-04-21,2,4,4,1,18.825847,40.7083,21.792286,4189
112,2011-04-22,2,4,5,2,13.803347,72.9583,14.707907,1683
113,2011-04-23,2,4,6,2,18.86,88.7917,15.458575,4036
114,2011-04-24,2,4,0,2,23.848347,81.0833,12.875725,4191
115,2011-04-25,2,4,1,1,24.873347,77.6667,12.417311,4073
116,2011-04-26,2,4,2,1,25.898347,72.9167,21.8755,4400
117,2011-04-27,2,4,3,2,25.42,83.5417,20.9174,3872
118,2011-04-28,2,4,4,2,25.3175,70.0833,21.500836,4058
119,2011-04-29,2,4,5,1,20.91,45.7083,16.084221,4595
120,2011-04-30,2,4,6,1,19.3725,50.3333,15.750025,5312
121,2011-05-01,2,5,0,2,18.518347,76.2083,7.125718,3351
122,2011-05-02,2,5,1,2,22.515847,73,12.291418,4401
123,2011-05-03,2,5,2,2,25.283347,69.7083,22.958689,4451
124,2011-05-04,2,5,3,2,16.980847,73.7083,22.042732,2633
125,2011-05-05,2,5,4,1,18.825847,44.4167,19.791264,4433
126,2011-05-06,2,5,5,1,19.645847,59,15.292482,4608
127,2011-05-07,2,5,6,1,21.32,54.125,10.75015,4714
128,2011-05-08,2,5,0,1,21.661653,63.1667,5.0007125,4333
129,2011-05-09,2,5,1,1,21.8325,58.875,11.792,4362
130,2011-05-10,2,5,2,1,21.8325,48.9167,7.749957,4803
131,2011-05-11,2,5,3,1,22.2425,63.2917,8.083014,4182
132,2011-05-12,2,5,4,1,21.935,74.75,12.707689,4864
133,2011-05-13,2,5,5,2,21.0125,86.3333,12.041575,4105
134,2011-05-14,2,5,6,2,21.354153,92.25,9.04165,3409
135,2011-05-15,2,5,0,2,23.0625,86.7083,10.249593,4553
136,2011-05-16,2,5,1,1,23.6775,78.7917,8.500357,3958
137,2011-05-17,2,5,2,2,23.028347,83.7917,18.582718,4123
138,2011-05-18,2,5,3,2,22.55,87,13.499964,3855
139,2011-05-19,2,5,4,2,21.764153,82.9583,7.250271,4575
140,2011-05-20,2,5,5,1,22.003347,71.9583,8.375871,4917
141,2011-05-21,2,5,6,1,24.7025,62.6667,8.08355,5805
142,2011-05-22,2,5,0,1,24.770847,74.9583,9.916536,4660
143,2011-05-23,2,5,1,2,25.898347,81,15.667414,4274
144,2011-05-24,2,5,2,2,27.06,74.0833,13.875164,4492
145,2011-05-25,2,5,3,1,27.094153,69.625,10.333611,4978
146,2011-05-26,2,5,4,1,29.041653,67.75,13.376014,4677
147,2011-05-27,2,5,5,1,27.948347,65.375,16.125493,4679
148,2011-05-28,2,5,6,1,26.889153,72.9583,15.416164,4758
149,2011-05-29,2,5,0,1,27.3675,81.875,14.333846,4788
150,2011-05-30,2,5,1,1,30.066653,68.5,8.792075,4098
151,2011-05-31,2,5,2,1,31.775,63.6667,7.459043,3982
152,2011-06-01,2,6,3,2,31.330847,67.7083,13.875164,3974
153,2011-06-02,2,6,4,1,29.315,30.5,19.583229,4968
154,2011-06-03,2,6,5,1,25.42,35.4167,16.959107,5312
155,2011-06-04,2,6,6,1,26.035,45.625,8.250514,5342
156,2011-06-05,2,6,0,2,26.581653,65.25,9.292364,4906
157,2011-06-06,2,6,1,1,27.811653,60,8.167032,4548
158,2011-06-07,2,6,2,1,29.0075,59.7917,12.583136,4833
159,2011-06-08,2,6,3,1,31.809153,62.2083,9.166739,4401
160,2011-06-09,2,6,4,2,33.141653,56.8333,10.042161,3915
161,2011-06-10,2,6,5,1,30.955,60.5,9.417118,4586
162,2011-06-11,2,6,6,1,29.725,65.4583,10.37495,4966
163,2011-06-12,2,6,0,1,28.3925,74.7917,10.958989,4460
164,2011-06-13,2,6,1,1,26.035,49.4583,20.45845,5020
165,2011-06-14,2,6,2,1,24.770847,50.7083,18.041961,4891
166,2011-06-15,2,6,3,1,25.693347,47.1667,11.250104,5180
167,2011-06-16,2,6,4,2,25.761653,68.8333,13.833557,3767
168,2011-06-17,2,6,5,1,26.615847,73.5833,9.582943,4844
169,2011-06-18,2,6,6,1,28.563347,67.0417,8.000336,5119
170,2011-06-19,2,6,0,2,28.665847,66.6667,6.834,4744
171,2011-06-20,2,6,1,2,26.035,74.625,10.416825,4010
172,2011-06-21,3,6,2,2,27.914153,77.0417,11.458675,4835
173,2011-06-22,3,6,3,1,30.066653,70.75,11.541554,4507
174,2011-06-23,3,6,4,2,29.861653,70.3333,15.999868,4790
175,2011-06-24,3,6,5,1,29.690847,57.3333,14.875675,4991
176,2011-06-25,3,6,6,1,28.495,48.3333,14.041257,5202
177,2011-06-26,3,6,0,1,27.88,51.3333,6.3337311,5305
178,2011-06-27,3,6,1,2,27.9825,65.8333,7.208396,4708
179,2011-06-28,3,6,2,1,30.510847,63.4167,9.666961,4648
180,2011-06-29,3,6,3,1,29.861653,49.7917,17.542007,5225
181,2011-06-30,3,6,4,1,28.563347,43.4167,12.415904,5515
182,2011-07-01,3,7,5,1,29.6225,39.625,6.874736,5362
183,2011-07-02,3,7,6,1,30.271653,44.4583,7.709154,5119
184,2011-07-03,3,7,0,2,29.383347,68.25,15.333486,4649
185,2011-07-04,3,7,1,2,29.793347,63.7917,5.4591064,6043
186,2011-07-05,3,7,2,1,30.613347,59.0417,8.459286,4665
187,2011-07-06,3,7,3,1,29.52,74.3333,10.042161,4629
188,2011-07-07,3,7,4,1,30.75,65.125,10.6664,4592
189,2011-07-08,3,7,5,2,29.075847,75.7917,15.083643,4040
190,2011-07-09,3,7,6,1,30.066653,60.9167,11.250104,5336
191,2011-07-10,3,7,0,1,30.6475,57.8333,12.292557,4881
192,2011-07-11,3,7,1,1,31.2625,63.5833,18.916579,4086
193,2011-07-12,3,7,2,1,32.560847,55.9167,13.417018,4258
194,2011-07-13,3,7,3,1,30.613347,63.1667,9.790911,4342
195,2011-07-14,3,7,4,1,27.914153,47.625,16.124689,5084
196,2011-07-15,3,7,5,1,27.196653,59.125,12.249811,5538
197,2011-07-16,3,7,6,1,28.153347,58.5,13.958914,5923
198,2011-07-17,3,7,0,1,29.485847,60.4167,16.417211,5302
199,2011-07-18,3,7,1,1,30.613347,65.125,14.458868,4458
200,2011-07-19,3,7,2,1,31.843347,65.0417,8.7502,4541
201,2011-07-20,3,7,3,1,31.501653,70.7083,7.625739,4332
202,2011-07-21,3,7,4,2,33.415,69.125,14.875407,3784
203,2011-07-22,3,7,5,1,34.781653,58.0417,8.9177,3387
204,2011-07-23,3,7,6,1,34.815847,50,8.791807,3285
205,2011-07-24,3,7,0,1,34.03,55.0833,11.334457,3606
206,2011-07-25,3,7,1,1,30.476653,75.7083,6.0841561,3840
207,2011-07-26,3,7,2,1,31.638347,54.0833,13.417286,4590
208,2011-07-27,3,7,3,1,31.775,40.2917,12.292021,4656
209,2011-07-28,3,7,4,1,31.945847,58.3333,11.958093,4390
210,2011-07-29,3,7,5,1,34.371653,54.25,11.667246,3846
211,2011-07-30,3,7,6,1,32.970847,46.5833,11.291979,4475
212,2011-07-31,3,7,0,1,33.039153,48.0833,11.042471,4302
213,2011-08-01,3,8,1,1,31.638347,55.0833,10.500039,4266
214,2011-08-02,3,8,2,1,32.116653,49.125,13.79195,4845
215,2011-08-03,3,8,3,2,29.998347,65.75,9.084061,3574
216,2011-08-04,3,8,4,2,29.11,75.75,13.20905,4576
217,2011-08-05,3,8,5,1,29.144153,63.0833,12.374632,4866
218,2011-08-06,3,8,6,2,29.383347,75.5,15.29275,4294
219,2011-08-07,3,8,0,1,30.4425,75.2917,13.499629,3785
220,2011-08-08,3,8,1,1,31.365,59.2083,12.875725,4326
221,2011-08-09,3,8,2,1,31.775,57.0417,10.125107,4602
222,2011-08-10,3,8,3,1,31.433347,42.4167,13.417286,4780
223,2011-08-11,3,8,4,1,29.4175,42.375,11.041332,4792
224,2011-08-12,3,8,5,1,29.041653,41.5,8.416607,4905
225,2011-08-13,3,8,6,2,28.119153,72.9583,14.167418,4150
226,2011-08-14,3,8,0,2,27.743347,81.75,14.916411,3820
227,2011-08-15,3,8,1,1,27.299153,71.2083,13.999918,4338
228,2011-08-16,3,8,2,1,28.734153,57.8333,15.834043,4725
229,2011-08-17,3,8,3,1,29.656653,57.5417,9.625689,4694
230,2011-08-18,3,8,4,1,29.178347,65.4583,15.624936,3805
231,2011-08-19,3,8,5,2,28.085,72.2917,9.333636,4153
232,2011-08-20,3,8,6,1,28.5975,67.4167,6.999289,5191
233,2011-08-21,3,8,0,1,29.144153,77,16.666518,3873
234,2011-08-22,3,8,1,1,28.358347,47,18.54225,4758
235,2011-08-23,3,8,2,1,26.274153,45.5417,9.833121,5895
236,2011-08-24,3,8,3,1,27.606653,60.5,16.958236,5130
237,2011-08-25,3,8,4,2,28.050847,77.1667,14.125811,3542
238,2011-08-26,3,8,5,1,28.7,76.125,5.6254875,4661
239,2011-08-27,3,8,6,2,27.88,85,25.166339,1115
240,2011-08-28,3,8,0,1,28.989419,56.1765,20.412153,4334
241,2011-08-29,3,8,1,1,26.103347,55.4583,10.708275,4634
242,2011-08-30,3,8,2,1,26.205847,54.8333,8.375536,5204
243,2011-08-31,3,8,3,1,26.923347,59.7917,5.5833311,5058
244,2011-09-01,3,9,4,1,26.855,63.9167,9.500332,5115
245,2011-09-02,3,9,5,2,26.376653,72.7083,9.375243,4727
246,2011-09-03,3,9,6,1,27.435847,71.6667,12.416775,4484
247,2011-09-04,3,9,0,1,29.075847,74.2083,13.833289,4940
248,2011-09-05,3,9,1,2,27.606653,79.0417,14.250632,3351
249,2011-09-06,3,9,2,3,22.14,88.6957,23.044181,2710
250,2011-09-07,3,9,3,3,24.565847,91.7083,6.5003936,1996
251,2011-09-08,3,9,4,3,25.990433,93.9565,12.914116,1842
252,2011-09-09,3,9,5,2,26.65,89.7917,8.333393,3544
253,2011-09-10,3,9,6,1,27.06,75.375,10.291736,5345
254,2011-09-11,3,9,0,1,26.786653,71.375,7.708618,5046
255,2011-09-12,3,9,1,1,26.418268,69.2174,5.957171,4713
256,2011-09-13,3,9,2,1,26.684153,71.25,9.500868,4763
257,2011-09-14,3,9,3,1,27.606653,69.7083,11.2091,4785
258,2011-09-15,3,9,4,2,23.6775,70.9167,18.166782,3659
259,2011-09-16,3,9,5,2,19.235847,59.0417,11.000261,4760
260,2011-09-17,3,9,6,2,20.158347,71.8333,12.708225,4511
261,2011-09-18,3,9,0,1,20.8075,69.5,11.958361,4274
262,2011-09-19,3,9,1,2,22.515847,69,10.166714,4539
263,2011-09-20,3,9,2,2,23.028347,88.125,9.041918,3641
264,2011-09-21,3,9,3,2,24.395,90,6.4590814,4352
265,2011-09-22,3,9,4,2,25.761653,90.2083,8.584375,4795
266,2011-09-23,4,9,5,2,24.975847,97.25,5.2505689,2395
267,2011-09-24,4,9,6,2,24.873347,86.25,5.2516811,5423
268,2011-09-25,4,9,0,2,26.000847,84.5,3.3754064,5010
269,2011-09-26,4,9,1,2,26.615847,84.8333,7.4169,4630
270,2011-09-27,4,9,2,2,26.103347,88.5417,7.917457,4120
271,2011-09-28,4,9,3,2,26.035,84.875,9.958143,3907
272,2011-09-29,4,9,4,1,25.283347,69.9167,11.583161,4839
273,2011-09-30,4,9,5,1,23.130847,64.75,13.833825,5202
274,2011-10-01,4,10,6,2,16.81,75.375,19.583832,2429
275,2011-10-02,4,10,0,2,14.623347,79.1667,14.874871,2918
276,2011-10-03,4,10,1,2,15.750847,76.0833,5.5841686,3570
277,2011-10-04,4,10,2,1,19.850847,71,13.792218,4456
278,2011-10-05,4,10,3,1,22.071653,64.7917,11.87575,4826
279,2011-10-06,4,10,4,1,20.260847,62.0833,9.041918,4765
280,2011-10-07,4,10,5,1,20.944153,68.4167,1.5002439,4985
281,2011-10-08,4,10,6,1,21.388347,70.125,3.0420814,5409
282,2011-10-09,4,10,0,1,22.174153,72.75,4.25115,5511
283,2011-10-10,4,10,1,1,23.404153,73.375,2.8343814,5117
284,2011-10-11,4,10,2,2,23.233347,80.875,9.583814,4563
285,2011-10-12,4,10,3,3,22.276653,90.625,16.62605,2416
286,2011-10-13,4,10,4,2,24.155847,89.6667,9.499729,2913
287,2011-10-14,4,10,5,2,22.584153,71.625,15.000161,3644
288,2011-10-15,4,10,6,1,20.773347,48.3333,17.291561,5217
289,2011-10-16,4,10,0,1,20.978347,48.6667,18.875039,5041
290,2011-10-17,4,10,1,1,21.900847,57.9583,11.750393,4570
291,2011-10-18,4,10,2,2,21.8325,70.1667,7.375829,4748
292,2011-10-19,4,10,3,3,22.211299,89.5217,16.303713,2424
293,2011-10-20,4,10,4,1,19.509153,63.625,28.292425,4195
294,2011-10-21,4,10,5,1,17.5275,57.4167,14.833532,4304
295,2011-10-22,4,10,6,1,17.3225,62.9167,6.2086689,4308
296,2011-10-23,4,10,0,1,17.288347,74.125,6.6673375,4381
297,2011-10-24,4,10,1,1,18.996653,77.2083,7.959064,4187
298,2011-10-25,4,10,2,1,19.338347,62.2917,11.166086,4687
299,2011-10-26,4,10,3,2,19.850847,72.0417,9.959014,3894
300,2011-10-27,4,10,4,2,19.27,81.2917,13.250121,2659
301,2011-10-28,4,10,5,2,13.564153,58.5833,15.375093,3747
302,2011-10-29,4,10,6,3,10.420847,88.25,23.541857,627
303,2011-10-30,4,10,0,1,13.085847,62.375,11.833339,3331
304,2011-10-31,4,10,1,1,13.94,70.3333,7.12545,3669
305,2011-11-01,4,11,2,1,16.434153,68.375,9.083257,4068
306,2011-11-02,4,11,3,1,15.4775,71.875,5.5001439,4186
307,2011-11-03,4,11,4,1,16.741653,70.2083,9.166739,3974
308,2011-11-04,4,11,5,2,16.536653,62.25,18.209193,4046
309,2011-11-05,4,11,6,1,13.393347,51.9167,12.667154,3926
310,2011-11-06,4,11,0,1,14.281653,73.4583,6.1676314,3649
311,2011-11-07,4,11,1,1,16.195,75.875,3.834075,4035
312,2011-11-08,4,11,2,1,16.741653,72.1667,4.6255125,4205
313,2011-11-09,4,11,3,1,16.4,75.8333,4.1671186,4109
314,2011-11-10,4,11,4,2,15.58,81.3333,12.667489,2933
315,2011-11-11,4,11,5,1,13.290847,44.625,21.083225,3368
316,2011-11-12,4,11,6,1,14.623347,55.2917,14.208154,4067
317,2011-11-13,4,11,0,1,18.074153,45.8333,18.875307,3717
318,2011-11-14,4,11,1,1,21.73,58.7083,20.541932,4486
319,2011-11-15,4,11,2,2,21.73,68.875,13.375411,4195
320,2011-11-16,4,11,3,3,18.723347,93,9.167543,1817
321,2011-11-17,4,11,4,2,14.008347,57.5833,20.459254,3053
322,2011-11-18,4,11,5,1,11.240847,41,11.291711,3392
323,2011-11-19,4,11,6,1,13.495847,50.2083,15.041232,3663
324,2011-11-20,4,11,0,2,18.996653,68.4583,12.45865,3520
325,2011-11-21,4,11,1,3,18.3475,91,9.249618,2765
326,2011-11-22,4,11,2,3,17.083347,96.25,7.959064,1607
327,2011-11-23,4,11,3,2,18.074153,75.7917,22.500275,2566
328,2011-11-24,4,11,4,1,15.306653,54.9167,11.209368,1495
329,2011-11-25,4,11,5,1,15.375,64.375,6.6260186,2792
330,2011-11-26,4,11,6,1,15.409153,68.1667,4.5841936,3068
331,2011-11-27,4,11,0,1,18.825847,69.8333,13.999918,3071
332,2011-11-28,4,11,1,1,20.642598,74.3043,9.522174,3867
333,2011-11-29,4,11,2,2,18.791653,83.0833,17.292164,2914
334,2011-11-30,4,11,3,1,13.325,61.3333,18.167586,3613
335,2011-12-01,4,12,4,1,12.8125,52.4583,14.750586,3727
336,2011-12-02,4,12,5,1,12.880847,62.5833,6.750518,3940
337,2011-12-03,4,12,6,1,12.265847,61.2917,6.4174811,3614
338,2011-12-04,4,12,0,1,13.564153,77.5833,5.6252061,3485
339,2011-12-05,4,12,1,2,15.819153,82.7083,4.1679561,3811
340,2011-12-06,4,12,2,3,18.9625,94.9583,15.583061,2594
341,2011-12-07,4,12,3,3,16.81,97.0417,17.833725,705
342,2011-12-08,4,12,4,1,10.899153,58,16.083886,3322
343,2011-12-09,4,12,5,1,11.924153,69.5833,5.5420189,3620
344,2011-12-10,4,12,6,1,11.275,50.75,15.625807,3190
345,2011-12-11,4,12,0,1,9.054153,49,4.4582939,2743
346,2011-12-12,4,12,1,1,9.771653,67.0833,4.25115,3310
347,2011-12-13,4,12,2,1,11.5825,59,9.41685,3523
348,2011-12-14,4,12,3,2,13.0175,66.375,4.0842061,3740
349,2011-12-15,4,12,4,2,17.3225,63.4167,17.958814,3709
350,2011-12-16,4,12,5,2,15.375,50.0417,17.458525,3577
351,2011-12-17,4,12,6,2,10.591653,56.0833,16.292189,2739
352,2011-12-18,4,12,0,1,9.771653,58.625,11.375193,2431
353,2011-12-19,4,12,1,1,11.343347,63.75,11.584032,3403
354,2011-12-20,4,12,2,2,15.819153,59.5417,4.1252436,3750
355,2011-12-21,1,12,3,2,17.561653,85.8333,14.8338,2660
356,2011-12-22,1,12,4,2,17.356653,75.75,3.167425,3068
357,2011-12-23,1,12,5,1,15.306653,68.625,18.374482,2209
358,2011-12-24,1,12,6,1,12.4025,54.25,12.750368,1011
359,2011-12-25,1,12,0,1,11.266103,68.1304,10.391097,754
360,2011-12-26,1,12,1,1,13.191299,50.6957,16.044155,1317
361,2011-12-27,1,12,2,2,13.325,76.25,12.62615,1162
362,2011-12-28,1,12,3,1,12.26433,50.3913,19.695387,2302
363,2011-12-29,1,12,4,1,10.181653,57.4167,8.000604,2423
364,2011-12-30,1,12,5,1,12.778347,63.6667,9.000579,2999
365,2011-12-31,1,12,6,1,16.81,61.5833,14.750318,2485
366,2012-01-01,1,1,0,1,15.17,69.25,12.875189,2294
367,2012-01-02,1,1,1,1,11.194763,38.1304,22.087555,1951
368,2012-01-03,1,1,2,1,6.15,44.125,24.499957,2236
369,2012-01-04,1,1,3,2,4.4075,41.4583,12.3749,2368
370,2012-01-05,1,1,4,1,10.899153,52.4167,8.709129,3272
371,2012-01-06,1,1,5,1,13.700847,54.2083,11.249836,4098
372,2012-01-07,1,1,6,1,16.126653,53.1667,11.708786,4521
373,2012-01-08,1,1,0,1,13.8375,46.5,12.833314,3425
374,2012-01-09,1,1,1,2,9.190847,70.1667,6.6263,2376
375,2012-01-10,1,1,2,1,12.656536,64.6522,12.565984,3598
376,2012-01-11,1,1,3,2,11.240847,84.75,8.791807,2177
377,2012-01-12,1,1,4,2,15.6825,80.2917,12.124789,4097
378,2012-01-13,1,1,5,1,11.240847,50.75,25.333236,3214
379,2012-01-14,1,1,6,1,7.38,45.75,12.541261,2493
380,2012-01-15,1,1,0,1,6.833347,41.9167,16.834286,2311
381,2012-01-16,1,1,1,1,7.79,52.25,15.500986,2298
382,2012-01-17,1,1,2,2,15.294763,71.6087,23.39171,2935
383,2012-01-18,1,1,3,1,12.436653,44.3333,27.833743,3376
384,2012-01-19,1,1,4,1,7.79,49.75,14.750586,3292
385,2012-01-20,1,1,5,2,8.9175,45,13.58425,3163
386,2012-01-21,1,1,6,2,7.106653,83.125,14.917014,1301
387,2012-01-22,1,1,0,2,6.6625,79.625,13.375746,1977
388,2012-01-23,1,1,1,2,8.951653,91.125,7.417436,2432
389,2012-01-24,1,1,2,1,14.0425,83.5833,8.292389,4339
390,2012-01-25,1,1,3,1,12.060847,64.375,10.791757,4270
391,2012-01-26,1,1,4,2,14.008347,76.9583,4.9175186,4075
392,2012-01-27,1,1,5,2,17.425,74.125,22.958689,3456
393,2012-01-28,1,1,6,1,12.949153,54.3333,14.125543,4023
394,2012-01-29,1,1,0,1,11.5825,31.125,16.08335,3243
395,2012-01-30,1,1,1,1,11.035847,40.0833,14.458064,3624
396,2012-01-31,1,1,2,1,15.99,41.6667,17.541739,4509
397,2012-02-01,1,2,3,1,19.235847,50.7917,12.667489,4579
398,2012-02-02,1,2,4,2,16.365847,67.2917,12.541529,3761
399,2012-02-03,1,2,5,1,12.846653,52.6667,11.959232,4151
400,2012-02-04,1,2,6,2,10.830847,77.9583,8.167032,2832
401,2012-02-05,1,2,0,2,10.899153,68.7917,11.791732,2947
402,2012-02-06,1,2,1,1,11.586969,62.2174,10.3046,3784
403,2012-02-07,1,2,2,1,14.520847,49.625,9.874393,4375
404,2012-02-08,1,2,3,2,10.523347,72.2917,8.959307,2802
405,2012-02-09,1,2,4,1,10.865,56.2083,13.000479,3830
406,2012-02-10,1,2,5,2,11.514153,54,7.834243,3831
407,2012-02-11,1,2,6,3,9.190847,73.125,19.416332,2169
408,2012-02-12,1,2,0,1,5.2275,46.4583,27.417204,1529
409,2012-02-13,1,2,1,1,9.1225,41.125,11.207961,3422
410,2012-02-14,1,2,2,2,13.085847,50.875,9.458993,3922
411,2012-02-15,1,2,3,1,14.281653,53.125,12.1672,4169
412,2012-02-16,1,2,4,2,12.983347,75.2917,6.125475,3005
413,2012-02-17,1,2,5,1,14.076653,63.4583,13.791682,4154
414,2012-02-18,1,2,6,1,14.213347,53.4583,12.792243,4318
415,2012-02-19,1,2,0,2,11.48,51.5833,16.958504,2689
416,2012-02-20,1,2,1,1,11.48,50.7826,15.348561,3129
417,2012-02-21,1,2,2,1,11.800866,59.4348,13.783039,3777
418,2012-02-22,1,2,3,1,16.229153,56.7917,15.709557,4773
419,2012-02-23,1,2,4,1,18.620847,55.4583,12.791171,5062
420,2012-02-24,1,2,5,2,16.7075,73.75,15.916989,3487
421,2012-02-25,1,2,6,1,11.924153,39.5833,28.250014,2732
422,2012-02-26,1,2,0,1,11.445847,41,13.750343,3389
423,2012-02-27,1,2,1,1,15.033347,49.0833,17.958211,4322
424,2012-02-28,1,2,2,1,14.725847,39.5833,12.958939,4363
425,2012-02-29,1,2,3,2,14.118268,80.4783,12.000839,1834
426,2012-03-01,1,3,4,1,19.919153,61.5417,15.208129,4990
427,2012-03-02,1,3,5,2,14.486653,65.7083,9.708568,3194
428,2012-03-03,1,3,6,2,16.980847,62.125,10.792293,4066
429,2012-03-04,1,3,0,1,13.359153,40.3333,22.416257,3423
430,2012-03-05,1,3,1,1,9.976653,50.625,15.333486,3333
431,2012-03-06,1,3,2,1,10.591653,45.6667,13.458625,3956
432,2012-03-07,1,3,3,1,16.570847,51.3333,23.167193,4916
433,2012-03-08,1,3,4,1,21.6275,56.75,29.584721,5382
434,2012-03-09,1,3,5,2,16.844153,40.7083,27.7916,4569
435,2012-03-10,1,3,6,1,11.7875,35.0417,15.12525,4118
436,2012-03-11,1,3,0,1,14.831299,47.6957,14.913329,4911
437,2012-03-12,1,3,1,1,19.133347,48.9167,13.916771,5298
438,2012-03-13,1,3,2,1,23.165,61.75,15.87565,5847
439,2012-03-14,1,3,3,1,23.4725,50.7083,7.709154,6312
440,2012-03-15,1,3,4,1,22.8575,57.9583,10.042161,6192
441,2012-03-16,1,3,5,2,17.869153,84.2083,7.583864,4378
442,2012-03-17,1,3,6,2,21.080847,75.5833,7.417168,7836
443,2012-03-18,1,3,0,2,19.3725,81,8.501161,5892
444,2012-03-19,1,3,1,1,22.345,72.875,10.875239,6153
445,2012-03-20,1,3,2,1,22.994153,80.7917,8.125157,6093
446,2012-03-21,2,3,3,2,21.798347,82.125,6.0004061,6230
447,2012-03-22,2,3,4,1,22.720847,83.125,7.876654,6871
448,2012-03-23,2,3,5,2,24.668347,69.4167,7.7921,8362
449,2012-03-24,2,3,6,2,20.6025,88.5417,12.916461,3372
450,2012-03-25,2,3,0,2,17.9375,88.0833,14.791925,4996
451,2012-03-26,2,3,1,1,18.279153,47.7917,25.917007,5558
452,2012-03-27,2,3,2,1,13.256653,29,12.541864,5102
453,2012-03-28,2,3,3,1,19.850847,48.125,19.541957,5698
454,2012-03-29,2,3,4,1,20.260847,43.9167,21.41655,6133
455,2012-03-30,2,3,5,2,15.17,58.0833,9.250489,5459
456,2012-03-31,2,3,6,2,17.390847,73.8333,16.791339,6235
457,2012-04-01,2,4,0,2,17.459153,67.625,11.541889,6041
458,2012-04-02,2,4,1,1,17.790433,50.4348,20.913313,5936
459,2012-04-03,2,4,2,1,19.133347,39.6667,6.708911,6772
460,2012-04-04,2,4,3,1,22.208347,46.9583,12.125325,6436
461,2012-04-05,2,4,4,1,17.835,37.4167,14.708443,6457
462,2012-04-06,2,4,5,1,16.536653,37.7083,20.125996,6460
463,2012-04-07,2,4,6,1,17.9375,25.4167,18.416357,6857
464,2012-04-08,2,4,0,1,20.5,27.5833,15.583932,5169
465,2012-04-09,2,4,1,1,20.055847,31.75,23.999132,5585
466,2012-04-10,2,4,2,1,18.313347,43.5,16.708125,5918
467,2012-04-11,2,4,3,1,14.296536,46.9565,19.783358,4862
468,2012-04-12,2,4,4,1,16.2975,46.625,19.458743,5409
469,2012-04-13,2,4,5,1,18.1425,40.8333,10.416557,6398
470,2012-04-14,2,4,6,1,20.295,50.2917,12.791439,7460
471,2012-04-15,2,4,0,1,24.873347,50.7917,15.083643,7132
472,2012-04-16,2,4,1,1,27.230847,56.1667,19.083543,6370
473,2012-04-17,2,4,2,1,24.941653,39.0417,18.333143,6691
474,2012-04-18,2,4,3,2,18.996653,56.9167,11.250104,4367
475,2012-04-19,2,4,4,1,20.431653,61.25,4.4172564,6565
476,2012-04-20,2,4,5,1,21.593347,69.4583,10.041357,7290
477,2012-04-21,2,4,6,1,23.37,68.2917,19.000329,6624
478,2012-04-22,2,4,0,3,16.263347,83.5417,23.084582,1027
479,2012-04-23,2,4,1,2,13.188347,76.6667,20.334232,3214
480,2012-04-24,2,4,2,1,16.946653,45.4167,16.708661,5633
481,2012-04-25,2,4,3,1,19.543347,42.7917,7.959064,6196
482,2012-04-26,2,4,4,2,20.431653,75.6667,11.833875,5026
483,2012-04-27,2,4,5,1,18.7575,40.0833,23.291411,6233
484,2012-04-28,2,4,6,2,15.443347,48.9583,8.708325,4220
485,2012-04-29,2,4,0,1,18.791653,58.7083,7.832836,6304
486,2012-04-30,2,4,1,2,19.030847,57,11.499746,5572
487,2012-05-01,2,5,2,2,25.146653,65.9583,10.458432,5740
488,2012-05-02,2,5,3,1,23.130847,79.7083,9.249886,6169
489,2012-05-03,2,5,4,2,22.96,76.8333,8.957632,6421
490,2012-05-04,2,5,5,1,25.7275,73.5417,10.916846,6296
491,2012-05-05,2,5,6,2,25.488347,75.6667,10.250464,6883
492,2012-05-06,2,5,0,2,23.0625,74,10.041893,6359
493,2012-05-07,2,5,1,2,22.0375,66.4167,15.458307,6273
494,2012-05-08,2,5,2,2,23.848347,68.5833,19.833943,5728
495,2012-05-09,2,5,3,2,23.575,74.4167,14.499604,4717
496,2012-05-10,2,5,4,1,20.739153,55.2083,21.042221,6572
497,2012-05-11,2,5,5,1,21.866653,36.0417,15.874779,7030
498,2012-05-12,2,5,6,1,23.130847,48.0417,8.249911,7429
499,2012-05-13,2,5,0,1,25.1125,57.625,15.082839,6118
500,2012-05-14,2,5,1,2,23.506653,78.9583,14.250364,2843
501,2012-05-15,2,5,2,2,25.078347,79.4583,9.875264,5115
502,2012-05-16,2,5,3,1,26.103347,69.7917,8.208304,7424
503,2012-05-17,2,5,4,1,24.326653,52,15.374825,7384
504,2012-05-18,2,5,5,1,23.130847,52.3333,9.166739,7639
505,2012-05-19,2,5,6,1,24.6,45.625,5.626325,8294
506,2012-05-20,2,5,0,1,25.454153,53.0417,17.042589,7129
507,2012-05-21,2,5,1,2,24.531653,81.125,15.624668,4359
508,2012-05-22,2,5,2,2,25.215,76.5833,7.917189,6073
509,2012-05-23,2,5,3,2,25.488347,77.4583,6.834,5260
510,2012-05-24,2,5,4,1,26.855,71.6667,11.584032,6770
511,2012-05-25,2,5,5,1,27.88,74.7083,9.41685,6734
512,2012-05-26,2,5,6,1,28.3925,73.25,13.332464,6536
513,2012-05-27,2,5,0,1,28.29,69.7083,14.416457,6591
514,2012-05-28,2,5,1,1,29.2125,67.625,13.166907,6043
515,2012-05-29,2,5,2,1,29.6225,68.4583,19.7918,5743
516,2012-05-30,2,5,3,2,26.923347,67,9.000043,6855
517,2012-05-31,2,5,4,1,27.88,49.2917,13.083693,7338
518,2012-06-01,2,6,5,2,26.820847,75.5417,15.916721,4127
519,2012-06-02,2,6,6,1,23.916653,54.9167,12.499654,8120
520,2012-06-03,2,6,0,1,24.7025,49.3333,12.333829,7641
521,2012-06-04,2,6,1,1,24.4975,48.7083,19.083811,6998
522,2012-06-05,2,6,2,2,22.174153,61.3333,14.041525,7001
523,2012-06-06,2,6,3,1,22.720847,61.125,5.167375,7055
524,2012-06-07,2,6,4,1,24.7025,56.7083,10.54245,7494
525,2012-06-08,2,6,5,1,26.615847,46.7917,11.750661,7736
526,2012-06-09,2,6,6,1,29.144153,43.7083,9.667229,7498
527,2012-06-10,2,6,0,1,29.793347,53.8333,8.959307,6598
528,2012-06-11,2,6,1,2,29.554153,58.7917,13.916771,6664
529,2012-06-12,2,6,2,2,26.786653,83.3333,14.374582,4972
530,2012-06-13,2,6,3,1,26.889153,58.2083,22.999693,7421
531,2012-06-14,2,6,4,1,26.581653,56.9583,17.000111,7363
532,2012-06-15,2,6,5,1,26.205847,58.9583,11.833339,7665
533,2012-06-16,2,6,6,1,25.898347,50.4167,11.166689,7702
534,2012-06-17,2,6,0,1,24.2925,59.875,9.708568,6978
535,2012-06-18,2,6,1,2,23.301653,77.7917,11.707982,5099
536,2012-06-19,2,6,2,1,28.221653,69,9.917139,6825
537,2012-06-20,2,6,3,1,32.0825,59.2083,7.625404,6211
538,2012-06-21,3,6,4,1,33.039153,56.7917,7.958729,5905
539,2012-06-22,3,6,5,1,31.8775,57.375,12.250414,5823
540,2012-06-23,3,6,6,1,29.998347,53.4583,12.041307,7458
541,2012-06-24,3,6,0,1,30.476653,47.9167,9.750175,6891
542,2012-06-25,3,6,1,1,29.349153,50.4167,20.125661,6779
543,2012-06-26,3,6,2,1,25.864153,37.3333,23.292014,7442
544,2012-06-27,3,6,3,1,28.5975,36,18.208925,7335
545,2012-06-28,3,6,4,1,30.715847,42.25,11.50055,6879
546,2012-06-29,3,6,5,1,34.200847,48.875,11.082939,5463
547,2012-06-30,3,6,6,1,31.365,60.125,10.791757,5687
548,2012-07-01,3,7,0,1,33.449153,51.875,11.291443,5531
549,2012-07-02,3,7,1,1,32.048347,44.7083,13.082889,6227
550,2012-07-03,3,7,2,1,32.014153,49.2083,8.457879,6660
551,2012-07-04,3,7,3,1,32.355847,53.875,9.04165,7403
552,2012-07-05,3,7,4,1,33.9275,45.7917,12.999943,6241
553,2012-07-06,3,7,5,1,33.961653,45.0833,9.791514,6207
554,2012-07-07,3,7,6,1,35.328347,49.2083,10.958118,4840
555,2012-07-08,3,7,0,1,33.7225,57.375,8.417143,4672
556,2012-07-09,3,7,1,2,29.144153,68.3333,12.125325,6569
557,2012-07-10,3,7,2,2,29.554153,66.75,10.166379,6290
558,2012-07-11,3,7,3,1,29.383347,63.3333,10.166111,7264
559,2012-07-12,3,7,4,1,29.349153,52.9583,9.833925,7446
560,2012-07-13,3,7,5,2,29.998347,48.5833,5.41695,7499
561,2012-07-14,3,7,6,2,28.836653,69.9167,9.626493,6969
562,2012-07-15,3,7,0,1,30.579153,71.7917,11.166689,6031
563,2012-07-16,3,7,1,1,31.296653,64.5,11.000529,6830
564,2012-07-17,3,7,2,1,33.551653,50.5833,7.666743,6786
565,2012-07-18,3,7,3,1,32.526653,57.7083,9.208614,5713
566,2012-07-19,3,7,4,1,31.57,60.0417,11.083743,6591
567,2012-07-20,3,7,5,2,27.299153,84.4167,14.000789,5870
568,2012-07-21,3,7,6,3,24.429153,86.5417,14.2911,4459
569,2012-07-22,3,7,0,2,27.3675,76.25,6.2926936,7410
570,2012-07-23,3,7,1,1,30.408347,69.4167,9.291761,6966
571,2012-07-24,3,7,2,1,30.784153,65.5,14.167418,7592
572,2012-07-25,3,7,3,1,29.690847,45,11.0416,8173
573,2012-07-26,3,7,4,1,31.843347,59.6667,19.082471,6861
574,2012-07-27,3,7,5,1,32.048347,59.4583,10.250464,6904
575,2012-07-28,3,7,6,1,30.989153,61.3333,10.54245,6685
576,2012-07-29,3,7,0,1,29.588347,62.375,11.416532,6597
577,2012-07-30,3,7,1,1,29.964153,66.875,10.292339,7105
578,2012-07-31,3,7,2,1,29.246653,70.4167,11.083475,7216
579,2012-08-01,3,8,3,1,29.4175,67.75,9.458993,7580
580,2012-08-02,3,8,4,1,30.8525,65.9583,8.666718,7261
581,2012-08-03,3,8,5,2,31.399153,64.25,14.458064,7175
582,2012-08-04,3,8,6,1,32.526653,61.3333,17.249686,6824
583,2012-08-05,3,8,0,1,31.535847,65.25,19.458207,5464
584,2012-08-06,3,8,1,2,30.8525,65.4167,8.666718,7013
585,2012-08-07,3,8,2,2,30.169153,70.375,7.832836,7273
586,2012-08-08,3,8,3,2,30.75,67.2917,7.4169,7534
587,2012-08-09,3,8,4,1,30.989153,62.0417,10.4587,7286
588,2012-08-10,3,8,5,2,29.349153,71.5833,16.000471,5786
589,2012-08-11,3,8,6,2,28.3925,73.2917,13.834093,6299
590,2012-08-12,3,8,0,1,28.734153,53.0417,8.208304,6544
591,2012-08-13,3,8,1,1,29.554153,54.5417,9.126204,6883
592,2012-08-14,3,8,2,1,29.793347,68.6667,11.333586,6784
593,2012-08-15,3,8,3,1,28.973347,61.9583,11.374657,7347
594,2012-08-16,3,8,4,1,29.485847,51.9167,9.500332,7605
595,2012-08-17,3,8,5,1,29.656653,57.0833,15.500718,7148
596,2012-08-18,3,8,6,1,27.811653,60.3333,11.917089,7865
597,2012-08-19,3,8,0,2,26.069153,71.1667,5.79215,4549
598,2012-08-20,3,8,1,2,26.069153,73.4167,8.708593,6530
599,2012-08-21,3,8,2,1,26.615847,67.375,4.8756436,7006
600,2012-08-22,3,8,3,1,27.3675,67.7083,4.7089811,7375
601,2012-08-23,3,8,4,1,28.529153,63.5833,5.6679186,7765
602,2012-08-24,3,8,5,2,28.8025,61.5,4.8337686,7582
603,2012-08-25,3,8,6,2,27.128347,71.2917,16.375336,6053
604,2012-08-26,3,8,0,2,26.786653,84.5833,15.333486,5255
605,2012-08-27,3,8,1,1,28.836653,73.0417,8.625111,6917
606,2012-08-28,3,8,2,1,29.861653,62,12.791975,7040
607,2012-08-29,3,8,3,1,28.085,55.2083,7.541654,7697
608,2012-08-30,3,8,4,1,28.973347,59.0417,5.1668189,7713
609,2012-08-31,3,8,5,1,31.330847,58.75,11.291711,7350
610,2012-09-01,3,9,6,2,30.886653,63.8333,7.583529,6140
611,2012-09-02,3,9,0,2,28.563347,81.5,4.2927436,5810
612,2012-09-03,3,9,1,1,29.0075,79.0833,10.125107,6034
613,2012-09-04,3,9,2,1,29.759153,75.5,15.833507,6864
614,2012-09-05,3,9,3,1,30.203347,74.125,12.583136,7112
615,2012-09-06,3,9,4,2,28.563347,81.0417,9.542207,6203
616,2012-09-07,3,9,5,1,28.836653,73.625,11.500282,7504
617,2012-09-08,3,9,6,2,27.025847,79.9167,18.833968,5976
618,2012-09-09,3,9,0,1,25.01,54.75,15.041232,8227
619,2012-09-10,3,9,1,1,23.916653,50.375,17.333771,7525
620,2012-09-11,3,9,2,1,23.6775,52,6.1676314,7767
621,2012-09-12,3,9,3,1,24.565847,57.7083,8.833682,7870
622,2012-09-13,3,9,4,1,25.1125,63.7083,5.5422936,7804
623,2012-09-14,3,9,5,1,25.966653,67.25,6.958821,8009
624,2012-09-15,3,9,6,1,24.941653,50.1667,16.583907,8714
625,2012-09-16,3,9,0,1,23.78,57,6.0422811,7333
626,2012-09-17,3,9,1,2,23.814153,73.4583,10.166714,6869
627,2012-09-18,3,9,2,2,25.556653,87.25,23.958329,4073
628,2012-09-19,3,9,3,1,22.6525,53.6667,14.416725,7591
629,2012-09-20,3,9,4,1,22.413347,61.8333,7.917189,7720
630,2012-09-21,3,9,5,1,24.565847,66.875,10.333343,8167
631,2012-09-22,3,9,6,1,26.65,64.6667,19.000061,8395
632,2012-09-23,4,9,0,1,21.695847,46.7083,14.958286,7907
633,2012-09-24,4,9,1,1,21.080847,49.2917,9.541068,7436
634,2012-09-25,4,9,2,1,22.55,57,15.833507,7538
635,2012-09-26,4,9,3,1,26.035,63.0833,16.3748,7733
636,2012-09-27,4,9,4,2,26.65,69.0833,9.000914,7393
637,2012-09-28,4,9,5,2,25.385847,69,10.999993,7415
638,2012-09-29,4,9,6,1,22.2425,54.2917,15.249468,8555
639,2012-09-30,4,9,0,1,21.593347,58.3333,9.042186,6889
640,2012-10-01,4,10,1,2,21.354153,64.9167,6.0838814,6778
641,2012-10-02,4,10,2,3,24.224153,87.1667,6.999825,4639
642,2012-10-03,4,10,3,2,26.9575,79.375,4.4585686,7572
643,2012-10-04,4,10,4,2,26.9575,72.2917,7.875582,7328
644,2012-10-05,4,10,5,1,25.215,62.75,7.12545,8156
645,2012-10-06,4,10,6,1,22.720847,66.4167,17.957675,7965
646,2012-10-07,4,10,0,2,17.049153,70.8333,9.457854,3510
647,2012-10-08,4,10,1,2,15.716653,70.9583,12.708493,5478
648,2012-10-09,4,10,2,2,18.313347,76.1667,12.7501,6392
649,2012-10-10,4,10,3,1,21.080847,63.0833,12.584007,7691
650,2012-10-11,4,10,4,1,17.835,46.3333,12.166932,7570
651,2012-10-12,4,10,5,1,17.9375,53.9167,15.751164,7282
652,2012-10-13,4,10,6,1,16.126653,49.4583,9.791514,7109
653,2012-10-14,4,10,0,1,21.388347,64.0417,18.667004,6639
654,2012-10-15,4,10,1,2,23.028347,70.75,19.834479,5875
655,2012-10-16,4,10,2,1,19.201653,55.8333,12.208807,7534
656,2012-10-17,4,10,3,1,18.689153,69.2917,6.791857,7461
657,2012-10-18,4,10,4,2,21.4225,72.8333,15.874779,7509
658,2012-10-19,4,10,5,2,23.096653,81.5,9.041918,5424
659,2012-10-20,4,10,6,1,19.850847,57.2917,7.874979,8090
660,2012-10-21,4,10,0,1,19.030847,51,11.125618,6824
661,2012-10-22,4,10,1,1,19.9875,56.8333,5.4593811,7058
662,2012-10-23,4,10,2,1,22.310847,64.1667,6.3345686,7466
663,2012-10-24,4,10,3,1,24.0875,63.625,4.8762064,7693
664,2012-10-25,4,10,4,2,22.55,80.0417,8.333125,7359
665,2012-10-26,4,10,5,2,22.379153,80.7083,8.875289,7444
666,2012-10-27,4,10,6,2,21.73,72,15.791364,7852
667,2012-10-28,4,10,0,2,19.5775,69.4583,26.666536,4459
668,2012-10-29,4,10,1,3,18.04,88,23.9994,22
669,2012-10-30,4,10,2,2,13.045462,82.5455,14.271603,1096
670,2012-10-31,4,10,3,2,14.6575,66.6667,11.166689,5566
671,2012-11-01,4,11,4,2,14.999153,58.1667,10.542182,5986
672,2012-11-02,4,11,5,1,14.555,52.2083,17.833725,5847
673,2012-11-03,4,11,6,2,14.076653,49.125,18.125443,5138
674,2012-11-04,4,11,0,1,13.359153,53.2917,12.000236,5107
675,2012-11-05,4,11,1,1,13.085847,49.4167,15.833775,5259
676,2012-11-06,4,11,2,1,11.514153,56.7083,11.625371,5686
677,2012-11-07,4,11,3,2,12.129153,54.75,20.375236,5035
678,2012-11-08,4,11,4,1,14.439134,33.3478,23.304945,5315
679,2012-11-09,4,11,5,1,14.828347,54.0833,14.375386,5992
680,2012-11-10,4,11,6,1,15.955847,64.5417,3.8756686,6536
681,2012-11-11,4,11,0,1,17.254153,65.9167,8.5425,6852
682,2012-11-12,4,11,1,1,19.885,74.1667,11.625639,6269
683,2012-11-13,4,11,2,2,14.076653,66.2917,22.917082,4094
684,2012-11-14,4,11,3,1,11.855847,55.2083,13.374875,5495
685,2012-11-15,4,11,4,2,13.188347,62.0417,10.250129,5445
686,2012-11-16,4,11,5,1,14.145,52.4583,11.458675,5698
687,2012-11-17,4,11,6,1,13.325,54.5417,12.041843,5629
688,2012-11-18,4,11,0,1,14.0425,69.2917,15.250004,4669
689,2012-11-19,4,11,1,2,15.614153,62.3333,15.749489,5499
690,2012-11-20,4,11,2,2,15.340847,68.5,5.542575,5634
691,2012-11-21,4,11,3,1,14.486653,61.375,6.917482,5146
692,2012-11-22,4,11,4,1,13.94,58.0417,3.5423436,2425
693,2012-11-23,4,11,5,1,15.101653,56.875,9.917407,3910
694,2012-11-24,4,11,6,1,11.411653,40.4583,25.250357,2277
695,2012-11-25,4,11,0,1,10.079153,46.8333,10.0835,2424
696,2012-11-26,4,11,1,1,12.846653,53.5417,3.12555,5087
697,2012-11-27,4,11,2,2,11.958347,78.6667,15.916654,3959
698,2012-11-28,4,11,3,1,12.163347,50.625,14.125007,5260
699,2012-11-29,4,11,4,1,11.51567,55.5652,7.739974,5323
700,2012-11-30,4,11,5,1,12.231653,64.9583,3.9175436,5668
701,2012-12-01,4,12,6,2,12.231653,80.6667,4.0001814,5191
702,2012-12-02,4,12,0,2,14.2475,82.3333,8.333393,4649
703,2012-12-03,4,12,1,1,18.5525,76.75,5.5422936,6234
704,2012-12-04,4,12,2,1,19.509153,73.375,11.666643,6606
705,2012-12-05,4,12,3,1,17.971653,48.5,21.709407,5729
706,2012-12-06,4,12,4,1,10.489153,50.875,11.708518,5375
707,2012-12-07,4,12,5,2,13.154153,76.4167,8.7502,5008
708,2012-12-08,4,12,6,2,15.648347,91.125,6.792393,5582
709,2012-12-09,4,12,0,2,15.750847,90.5417,10.584325,3228
710,2012-12-10,4,12,1,2,17.869153,92.5,12.750636,5170
711,2012-12-11,4,12,2,2,14.486653,59.6667,19.834479,5501
712,2012-12-12,4,12,3,2,12.1975,53.8333,10.916779,5319
713,2012-12-13,4,12,4,1,12.129153,48.5833,11.666643,5532
714,2012-12-14,4,12,5,1,11.548347,64.2917,8.792343,5611
715,2012-12-15,4,12,6,1,13.290847,65.0417,7.12545,5047
716,2012-12-16,4,12,0,2,14.8625,83.875,6.749714,3786
717,2012-12-17,4,12,1,2,16.126653,90.7083,6.5833061,4585
718,2012-12-18,4,12,2,1,16.844153,66.625,14.834068,5557
719,2012-12-19,4,12,3,1,13.6325,62.5417,12.334164,5267
720,2012-12-20,4,12,4,2,13.53,66.7917,8.875021,4128
721,2012-12-21,1,12,5,2,13.393347,55.6667,25.083661,3623
722,2012-12-22,1,12,6,1,10.899153,44.125,27.292182,1749
723,2012-12-23,1,12,0,1,10.079153,51.5417,8.916561,1787
724,2012-12-24,1,12,1,2,9.483464,79.1304,5.1744368,920
725,2012-12-25,1,12,2,2,11.943464,73.4783,11.304642,1013
726,2012-12-26,1,12,3,3,9.976653,82.3333,21.208582,441
727,2012-12-27,1,12,4,2,10.420847,65.2917,23.458911,2114
728,2012-12-28,1,12,5,2,10.386653,59,10.416557,3095
729,2012-12-29,1,12,6,2,10.386653,75.2917,8.333661,1341
730,2012-12-30,1,12,0,1,10.489153,48.3333,23.500518,1796
731,2012-12-31,1,12,1,2,8.849153,57.75,10.374682,2729
