temp,hum,windspeed,cnt,season_1,season_2,season_3,season_4,mnth_1,mnth_2,mnth_3,mnth_4,mnth_5,mnth_6,mnth_7,mnth_8,mnth_9,mnth_10,mnth_11,mnth_12,weekday_0,weekday_1,weekday_2,weekday_3,weekday_4,weekday_5,weekday_6,weathersit_1,weathersit_2,weathersit_3
0.355169596003472,0.8286200514138817,0.28460620119145374,985,1,0,0,0,1,0,0,0,0,0,0,0,0,0,0,0,0,0,0,0,0,0,1,0,1,0
0.3792320499775338,0.7157706940874036,0.4662145544376672,801,1,0,0,0,1,0,0,0,0,0,0,0,0,0,0,0,1,0,0,0,0,0,0,0,1,0
0.17099980237661438,0.4496380462724936,0.46574039733952516,1349,1,0,0,0,1,0,0,0,0,0,0,0,0,0,0,0,0,1,0,0,0,0,0,1,0,0
0.175530436867303,0.6071311053984576,0.28429696830136103,1562,1,0,0,0,1,0,0,0,0,0,0,0,0,0,0,0,0,0,1,0,0,0,0,1,0,0
0.20912018218234535,0.4493131105398458,0.33914251368819387,1600,1,0,0,0,1,0,0,0,0,0,0,0,0,0,0,0,0,0,0,1,0,0,0,1,0,0
0.18094825830996367,0.5329161953727506,0.13848170361759188,1606,1,0,0,0,1,0,0,0,0,0,0,0,0,0,0,0,0,0,0,0,1,0,0,1,0,0
0.1711966781328104,0.5127979434447301,0.3016758567245681,1510,1,0,0,0,1,0,0,0,0,0,0,0,0,0,0,0,0,0,0,0,0,1,0,0,1,0
0.1319187187226103,0.5509850899742931,0.5038688126879491,959,1,0,0,0,1,0,0,0,0,0,0,0,0,0,0,0,0,0,0,0,0,0,1,0,1,0
0.09869032764362398,0.4464442159383033,0.700017296426319,822,1,0,0,0,1,0,0,0,0,0,0,0,0,0,0,0,1,0,0,0,0,0,0,1,0,0
0.11426594126672854,0.49657275064267353,0.41411499711485716,1321,1,0,0,0,1,0,0,0,0,0,0,0,0,0,0,0,0,1,0,0,0,0,0,1,0,0
0.13701630554917993,0.7057727506426734,0.20561987485138783,1263,1,0,0,0,1,0,0,0,0,0,0,0,0,0,0,0,0,0,1,0,0,0,0,0,1,0
0.14154694003986862,0.6164987146529564,0.5818429167011117,1162,1,0,0,0,1,0,0,0,0,0,0,0,0,0,0,0,0,0,0,1,0,0,0,1,0,0
0.1319187187226103,0.4837192802056555,0.5743656654186714,1406,1,0,0,0,1,0,0,0,0,0,0,0,0,0,0,0,0,0,0,0,1,0,0,1,0,0
0.12677253598153657,0.5530344473007712,0.2147236911357155,1421,1,0,0,0,1,0,0,0,0,0,0,0,0,0,0,0,0,0,0,0,0,1,0,1,0,0
0.21706499117921854,0.512853470437018,0.27948736608412006,1248,1,0,0,0,1,0,0,0,0,0,0,0,0,0,0,0,0,0,0,0,0,0,1,0,1,0
0.21498907339553117,0.4974293059125964,0.3423028738249408,1204,1,0,0,0,1,0,0,0,0,0,0,0,0,0,0,0,1,0,0,0,0,0,0,1,0,0
0.1454171685129376,0.5526992287917738,0.3538145835467899,1000,1,0,0,0,1,0,0,0,0,0,0,0,0,0,0,0,0,1,0,0,0,0,0,0,1,0
0.1962983370478057,0.8860329048843189,0.2564227155884094,683,1,0,0,0,1,0,0,0,0,0,0,0,0,0,0,0,0,0,1,0,0,0,0,0,1,0
0.2903837656749861,0.7627136246786633,0.3832947857356228,1650,1,0,0,0,1,0,0,0,0,0,0,0,0,0,0,0,0,0,0,1,0,0,0,0,1,0
0.252370546090982,0.5535557840616967,0.3577047333041555,1927,1,0,0,0,1,0,0,0,0,0,0,0,0,0,0,0,0,0,0,0,1,0,0,0,1,0
0.14749433234571482,0.4700082262210797,0.6820652963801404,1543,1,0,0,0,1,0,0,0,0,0,0,0,0,0,0,0,0,0,0,0,0,1,0,1,0,0
0.0,0.41131105398457585,0.30836353336097183,981,1,0,0,0,1,0,0,0,0,0,0,0,0,0,0,0,0,0,0,0,0,0,1,1,0,0
0.04659139533324712,0.44886580976863755,0.46221720394506954,986,1,0,0,0,1,0,0,0,0,0,0,0,0,0,0,0,1,0,0,0,0,0,0,1,0,0
0.047674959621779235,0.5056442159383033,0.28024395588854667,1416,1,0,0,0,1,0,0,0,0,0,0,0,0,0,0,0,0,1,0,0,0,0,0,1,0,0
0.20478517739876287,0.6344030848329049,0.22141961398252172,1985,1,0,0,0,1,0,0,0,0,0,0,0,0,0,0,0,0,0,1,0,0,0,0,0,1,0
0.19733629593964938,0.8868894601542416,0.5596255643242549,506,1,0,0,0,1,0,0,0,0,0,0,0,0,0,0,0,0,0,0,1,0,0,0,0,0,1
0.1693001914180612,0.7069408740359897,0.18851929602926412,431,1,0,0,0,1,0,0,0,0,0,0,0,0,0,0,0,0,0,0,0,1,0,0,1,0,0
0.1798641956017956,0.815468380462725,0.2080277682889093,1167,1,0,0,0,1,0,0,0,0,0,0,0,0,0,0,0,0,0,0,0,0,1,0,0,1,0
0.1711966781328104,0.6701686375321337,0.2535159264215384,1098,1,0,0,0,1,0,0,0,0,0,0,0,0,0,0,0,0,0,0,0,0,0,1,1,0,0
0.19611765992977767,0.7425953727506427,0.10635735406320679,1096,1,0,0,0,1,0,0,0,0,0,0,0,0,0,0,0,1,0,0,0,0,0,0,1,0,0
0.15164741396217943,0.6208226221079691,0.33974448704757426,1501,1,0,0,0,1,0,0,0,0,0,0,0,0,0,0,0,0,1,0,0,0,0,0,0,1,0
0.16577885669014972,0.8530231362467867,0.06353973116941777,1360,1,0,0,0,0,1,0,0,0,0,0,0,0,0,0,0,0,0,1,0,0,0,0,0,1,0
0.2502933822582048,0.7973439588688946,0.4987231773968073,1526,1,0,0,0,0,1,0,0,0,0,0,0,0,0,0,0,0,0,0,1,0,0,0,0,1,0
0.1592782185884108,0.45020668380462725,0.5264386905595114,1550,1,0,0,0,0,1,0,0,0,0,0,0,0,0,0,0,0,0,0,0,1,0,0,1,0,0
0.1896157757789489,0.6017655526992288,0.2173851555431129,1708,1,0,0,0,0,1,0,0,0,0,0,0,0,0,0,0,0,0,0,0,0,1,0,0,1,0
0.21706499117921854,0.955441645244216,0.28591116398764466,1005,1,0,0,0,0,1,0,0,0,0,0,0,0,0,0,0,0,0,0,0,0,0,1,0,1,0
0.2824825683962576,0.5844041131105399,0.24616649140033642,1623,1,0,0,0,0,1,0,0,0,0,0,0,0,0,0,0,1,0,0,0,0,0,0,1,0,0
0.26483103698946564,0.7592113110539845,0.04744993158737695,1712,1,0,0,0,0,1,0,0,0,0,0,0,0,0,0,0,0,1,0,0,0,0,0,1,0,0
0.20148937755611396,0.5531280205655527,0.700017296426319,1530,1,0,0,0,0,1,0,0,0,0,0,0,0,0,0,0,0,0,1,0,0,0,0,1,0,0
0.0942668533746623,0.5087742930591259,0.34313986418079157,1605,1,0,0,0,0,1,0,0,0,0,0,0,0,0,0,0,0,0,0,1,0,0,0,0,1,0
0.1061853129190619,0.449759383033419,0.41136900905083446,1538,1,0,0,0,0,1,0,0,0,0,0,0,0,0,0,0,0,0,0,0,1,0,0,1,0,0
0.1619372873461472,0.5206827763496145,0.17761986742979846,1746,1,0,0,0,0,1,0,0,0,0,0,0,0,0,0,0,0,0,0,0,0,1,0,1,0,0
0.20356654138889121,0.5595547557840617,0.3730901003625653,1472,1,0,0,0,0,1,0,0,0,0,0,0,0,0,0,0,0,0,0,0,0,0,1,1,0,0
0.32072256891461404,0.47032493573264783,0.4916623597396918,1589,1,0,0,0,0,1,0,0,0,0,0,0,0,0,0,0,1,0,0,0,0,0,0,1,0,0
0.44343099118470114,0.3864606683804627,0.8153776568516833,1913,1,0,0,0,0,1,0,0,0,0,0,0,0,0,0,0,0,1,0,0,0,0,0,1,0,0
0.2578780830681118,0.3232370179948586,0.5545211600851255,1815,1,0,0,0,0,1,0,0,0,0,0,0,0,0,0,0,0,0,1,0,0,0,0,1,0,0
0.32288944828186034,0.4354529562982005,0.47291872349487596,2115,1,0,0,0,0,1,0,0,0,0,0,0,0,0,0,0,0,0,0,1,0,0,0,1,0,0
0.46938993187351213,0.519280205655527,0.4282098322452802,2475,1,0,0,0,0,1,0,0,0,0,0,0,0,0,0,0,0,0,0,0,1,0,0,1,0,0
0.5763433094515565,0.5312771208226221,0.49999515535138844,2927,1,0,0,0,0,1,0,0,0,0,0,0,0,0,0,0,0,0,0,0,0,1,0,1,0,0
0.4237022959451319,0.19323084832904883,1.0,1635,1,0,0,0,0,1,0,0,0,0,0,0,0,0,0,0,0,0,0,0,0,0,1,1,0,0
0.281715002156911,0.4193583547557841,0.4140490274316374,1812,1,0,0,0,0,1,0,0,0,0,0,0,0,0,0,0,1,0,0,0,0,0,0,1,0,0
0.3042884274686039,0.622107969151671,0.5884790545225,1107,1,0,0,0,0,1,0,0,0,0,0,0,0,0,0,0,0,1,0,0,0,0,0,0,1,0
0.1533781761479788,0.5941161953727506,0.35724913017941895,1450,1,0,0,0,0,1,0,0,0,0,0,0,0,0,0,0,0,0,1,0,0,0,0,1,0,0
0.20261829803151662,0.4350056555269923,0.14785723253468094,1917,1,0,0,0,0,1,0,0,0,0,0,0,0,0,0,0,0,0,0,1,0,0,0,1,0,0
0.2947175244094787,0.7171115681233933,0.47024901287707604,1807,1,0,0,0,0,1,0,0,0,0,0,0,0,0,0,0,0,0,0,0,1,0,0,0,1,0
0.38031611268570187,0.7323125964010283,0.6682467092982,1461,1,0,0,0,0,1,0,0,0,0,0,0,0,0,0,0,0,0,0,0,0,1,0,0,1,0
0.27832948677979297,0.5531280205655527,0.3384642628825907,1969,1,0,0,0,0,1,0,0,0,0,0,0,0,0,0,0,0,0,0,0,0,0,1,1,0,0
0.3543110681805665,0.699228791773779,0.21204367275491254,2402,1,0,0,0,0,1,0,0,0,0,0,0,0,0,0,0,1,0,0,0,0,0,0,1,0,0
0.4338027698674428,0.901145501285347,0.5510412592952829,1446,1,0,0,0,0,1,0,0,0,0,0,0,0,0,0,0,0,1,0,0,0,0,0,0,1,0
0.25860079154022386,0.5501285347043702,0.4000098542214309,1851,1,0,0,0,0,0,1,0,0,0,0,0,0,0,0,0,0,0,1,0,0,0,0,1,0,0
0.343747063996832,0.4622961439588689,0.5884522543386919,2134,1,0,0,0,0,0,1,0,0,0,0,0,0,0,0,0,0,0,0,1,0,0,0,1,0,0
0.1734532730345258,0.32733470437018,0.4192420784325933,1685,1,0,0,0,0,0,1,0,0,0,0,0,0,0,0,0,0,0,0,0,1,0,0,1,0,0
0.252370546090982,0.6276781491002571,0.3730468077579523,1944,1,0,0,0,0,0,1,0,0,0,0,0,0,0,0,0,0,0,0,0,0,1,0,0,1,0
0.40501155959740653,0.8114827763496144,0.4730836477029253,2077,1,0,0,0,0,0,1,0,0,0,0,0,0,0,0,0,0,0,0,0,0,0,1,0,1,0
0.39548551430551576,0.9750755784061697,0.6615425402409914,605,1,0,0,0,0,0,1,0,0,0,0,0,0,0,0,0,1,0,0,0,0,0,0,0,1,0
0.2524602616254511,0.5668935732647815,0.6575534359587961,1872,1,0,0,0,0,0,1,0,0,0,0,0,0,0,0,0,0,1,0,0,0,0,0,1,0,0
0.2907899776782766,0.4327331619537275,0.20256465389727243,2133,1,0,0,0,0,0,1,0,0,0,0,0,0,0,0,0,0,0,1,0,0,0,0,1,0,0
0.2949430592947413,0.7973439588688946,0.4076891376587318,1891,1,0,0,0,0,0,1,0,0,0,0,0,0,0,0,0,0,0,0,1,0,0,0,0,1,0
0.4111471053158199,0.0,0.49371154302470577,623,1,0,0,0,0,0,1,0,0,0,0,0,0,0,0,0,0,0,0,0,1,0,0,0,0,1
0.32072256891461404,0.6679331619537275,0.43411824199865046,1977,1,0,0,0,0,0,1,0,0,0,0,0,0,0,0,0,0,0,0,0,0,1,0,0,1,0
0.3364788596557466,0.6113964010282776,0.40897760803411787,2132,1,0,0,0,0,0,1,0,0,0,0,0,0,0,0,0,0,0,0,0,0,0,1,1,0,0
0.40523709448266915,0.5423043701799486,0.5117027125702963,2417,1,0,0,0,0,0,1,0,0,0,0,0,0,0,0,0,1,0,0,0,0,0,0,1,0,0
0.33155696575084553,0.5110097686375321,0.2361184840249258,2046,1,0,0,0,0,0,1,0,0,0,0,0,0,0,0,0,0,1,0,0,0,0,0,1,0,0
0.32180538557369226,0.6741922879177379,0.33380103089999347,2056,1,0,0,0,0,0,1,0,0,0,0,0,0,0,0,0,0,0,1,0,0,0,0,0,1,0
0.3813989293447801,0.7984802056555269,0.3725747122124109,2192,1,0,0,0,0,0,1,0,0,0,0,0,0,0,0,0,0,0,0,1,0,0,0,0,1,0
0.44343099118470114,0.6199660668380462,0.3858964651176022,2744,1,0,0,0,0,0,1,0,0,0,0,0,0,0,0,0,0,0,0,0,1,0,0,1,0,0
0.5991871274157465,0.5400688946015424,0.43009202976964417,3239,1,0,0,0,0,0,1,0,0,0,0,0,0,0,0,0,0,0,0,0,0,1,0,1,0,0
0.515078813850982,0.3898889460154242,0.7128339689443592,3117,1,0,0,0,0,0,1,0,0,0,0,0,0,0,0,0,0,0,0,0,0,0,1,1,0,0
0.34063194127221114,0.487146529562982,0.38206610038565464,2471,1,0,0,0,0,0,1,0,0,0,0,0,0,0,0,0,1,0,0,0,0,0,0,1,0,0
0.4626637588865106,0.7582426735218508,0.5491796772969252,2077,0,1,0,0,0,0,1,0,0,0,0,0,0,0,0,0,0,1,0,0,0,0,0,0,1,0
0.47665938226368737,0.6422447300771208,0.4192338322221908,2703,0,1,0,0,0,0,1,0,0,0,0,0,0,0,0,0,0,0,1,0,0,0,0,1,0,0
0.3586460729641489,0.8633059125964011,0.4367797064060479,2121,0,1,0,0,0,0,1,0,0,0,0,0,0,0,0,0,0,0,0,1,0,0,0,0,1,0
0.28144460950441397,0.8286200514138817,0.45641805647953204,1865,0,1,0,0,0,0,1,0,0,0,0,0,0,0,0,0,0,0,0,0,1,0,0,0,1,0
0.255485668815603,0.5089974293059126,0.4294900564102638,2210,0,1,0,0,0,0,1,0,0,0,0,0,0,0,0,0,0,0,0,0,0,1,0,1,0,0
0.25756158659929035,0.40531311053984576,0.38587997269679736,2496,0,1,0,0,0,0,1,0,0,0,0,0,0,0,0,0,0,0,0,0,0,0,1,1,0,0
0.24162461874012975,0.5078796915167095,0.3337824769265879,1693,0,1,0,0,0,0,1,0,0,0,0,0,0,0,0,0,1,0,0,0,0,0,0,0,1,0
0.2557112037008655,0.31071876606683807,0.3913080406942237,2028,0,1,0,0,0,0,1,0,0,0,0,0,0,0,0,0,0,1,0,0,0,0,0,1,0,0
0.30325046857676025,0.32305089974293055,0.4218025267625605,2425,0,1,0,0,0,0,1,0,0,0,0,0,0,0,0,0,0,0,1,0,0,0,0,1,0,0
0.30013534585213936,0.6649532133676093,0.3102560386483389,1536,0,1,0,0,0,0,1,0,0,0,0,0,0,0,0,0,0,0,0,1,0,0,0,0,1,0
0.26067670932391124,0.9443012853470436,0.40252700994678514,1685,0,1,0,0,0,0,1,0,0,0,0,0,0,0,0,0,0,0,0,0,1,0,0,0,0,1
0.30013534585213936,0.705655526992288,0.48717848283334836,2227,0,1,0,0,0,0,0,1,0,0,0,0,0,0,0,0,0,0,0,0,0,1,0,0,1,0
0.31882608219986475,0.6722365038560412,0.3602651816341227,2252,0,1,0,0,0,0,0,1,0,0,0,0,0,0,0,0,0,0,0,0,0,0,1,0,1,0
0.39774210920723113,0.493573264781491,0.3294800166490988,3249,0,1,0,0,0,0,0,1,0,0,0,0,0,0,0,0,1,0,0,0,0,0,0,1,0,0
0.6407216817276621,0.4383033419023136,0.7487132304055093,3115,0,1,0,0,0,0,0,1,0,0,0,0,0,0,0,0,0,1,0,0,0,0,0,1,0,0
0.4423930322928575,0.6602395886889459,0.7538588656966512,1795,0,1,0,0,0,0,0,1,0,0,0,0,0,0,0,0,0,0,1,0,0,0,0,0,1,0
0.4133177228303357,0.4841470437017995,0.49615654440903834,2808,0,1,0,0,0,0,0,1,0,0,0,0,0,0,0,0,0,0,0,1,0,0,0,1,0,0
0.4714670957062893,0.6199660668380462,0.28845305834420626,3141,0,1,0,0,0,0,0,1,0,0,0,0,0,0,0,0,0,0,0,0,1,0,0,1,0,0
0.34478502288867574,0.8598971722365039,0.421794280552158,1471,0,1,0,0,0,0,0,1,0,0,0,0,0,0,0,0,0,0,0,0,0,1,0,0,1,0
0.3530924321706948,0.9023136246786633,0.22819593738075203,2455,0,1,0,0,0,0,0,1,0,0,0,0,0,0,0,0,0,0,0,0,0,0,1,0,1,0
0.457968645915962,0.8817480719794345,0.2564062231676044,2895,0,1,0,0,0,0,0,1,0,0,0,0,0,0,0,0,1,0,0,0,0,0,0,0,1,0
0.6685322513639878,0.7372298200514139,0.6227585511655708,3348,0,1,0,0,0,0,0,1,0,0,0,0,0,0,0,0,0,1,0,0,0,0,0,0,1,0
0.5524602865464329,0.7600688946015425,0.5205158499379369,2034,0,1,0,0,0,0,0,1,0,0,0,0,0,0,0,0,0,0,1,0,0,0,0,0,1,0
0.44031586846008025,0.8423311053984577,0.4704984607417508,2162,0,1,0,0,0,0,0,1,0,0,0,0,0,0,0,0,0,0,0,1,0,0,0,0,1,0
0.5088485684017402,0.5556987146529563,0.18205220552112647,3267,0,1,0,0,0,0,0,1,0,0,0,0,0,0,0,0,0,0,0,0,1,0,0,1,0,0
0.48288962771292926,0.6902313624678663,0.4205223025975769,3126,0,1,0,0,0,0,0,1,0,0,0,0,0,0,0,0,0,0,0,0,0,1,0,1,0,0
0.46315968642427024,0.9134529562982004,0.65643195134406,795,0,1,0,0,0,0,0,1,0,0,0,0,0,0,0,0,0,0,0,0,0,0,1,0,0,1
0.4953501186114129,0.4931444730077121,0.579511300709813,3744,0,1,0,0,0,0,0,1,0,0,0,0,0,0,0,0,1,0,0,0,0,0,0,1,0,0
0.5649207774449165,0.5578406169665809,0.29104030685798155,3429,0,1,0,0,0,0,0,1,0,0,0,0,0,0,0,0,0,1,0,0,0,0,0,1,0,0
0.5566133681628974,0.6846611825192801,0.279503858504925,3204,0,1,0,0,0,0,0,1,0,0,0,0,0,0,0,0,0,0,1,0,0,0,0,0,1,0
0.6677198273574065,0.6315341902313625,0.4525794455371818,3944,0,1,0,0,0,0,0,1,0,0,0,0,0,0,0,0,0,0,0,1,0,0,0,1,0,0
0.49846524133603376,0.41859434447300775,0.624374808404455,4189,0,1,0,0,0,0,0,1,0,0,0,0,0,0,0,0,0,0,0,0,1,0,0,1,0,0
0.34582422782960937,0.7502138817480719,0.4063924210729433,1683,0,1,0,0,0,0,0,1,0,0,0,0,0,0,0,0,0,0,0,0,0,1,0,0,1,0
0.4995032002278775,0.9130251928020566,0.4294900564102638,4036,0,1,0,0,0,0,0,1,0,0,0,0,0,0,0,0,0,0,0,0,0,0,1,0,1,0
0.6511062548424583,0.8337614395886889,0.3500172036564521,4191,0,1,0,0,0,0,0,1,0,0,0,0,0,0,0,0,1,0,0,0,0,0,0,0,1,0
0.6822574820886673,0.7986293059125965,0.33591206076302593,4073,0,1,0,0,0,0,0,1,0,0,0,0,0,0,0,0,0,1,0,0,0,0,0,1,0,0
0.7134087093348765,0.7497861182519281,0.6269352567344222,4400,0,1,0,0,0,0,0,1,0,0,0,0,0,0,0,0,0,0,1,0,0,0,0,1,0,0
0.6988710546036156,0.8590406169665811,0.5974550545455894,3872,0,1,0,0,0,0,0,1,0,0,0,0,0,0,0,0,0,0,0,1,0,0,0,0,1,0
0.6957559318789946,0.7206508997429305,0.6154070545917681,4058,0,1,0,0,0,0,0,1,0,0,0,0,0,0,0,0,0,0,0,0,1,0,0,0,1,0
0.5618056547202956,0.4700082262210797,0.4487408345948317,4595,0,1,0,0,0,0,0,1,0,0,0,0,0,0,0,0,0,0,0,0,0,1,0,1,0,0
0.515078813850982,0.5175660668380463,0.4384578102229507,5312,0,1,0,0,0,0,0,1,0,0,0,0,0,0,0,0,0,0,0,0,0,0,1,1,0,0
0.48911987316217104,0.7836329048843187,0.173092697918842,3351,0,1,0,0,0,0,0,0,1,0,0,0,0,0,0,0,1,0,0,0,0,0,0,0,1,0
0.6106096594223865,0.7506426735218509,0.33203840342646535,4401,0,1,0,0,0,0,0,0,1,0,0,0,0,0,0,0,0,1,0,0,0,0,0,0,1,0
0.694717972987151,0.7167948586118251,0.6602643776286083,4451,0,1,0,0,0,0,0,0,1,0,0,0,0,0,0,0,0,0,1,0,0,0,0,0,1,0
0.4423930322928575,0.7579259640102827,0.6320808920255641,2633,0,1,0,0,0,0,0,0,1,0,0,0,0,0,0,0,0,0,0,1,0,0,0,0,1,0
0.49846524133603376,0.45672699228791774,0.5628044784344075,4433,0,1,0,0,0,0,0,0,1,0,0,0,0,0,0,0,0,0,0,0,1,0,0,1,0,0
0.5233862231330011,0.6066838046272494,0.4243794675133326,4608,0,1,0,0,0,0,0,0,1,0,0,0,0,0,0,0,0,0,0,0,0,1,0,1,0,0
0.5742661456187793,0.5565552699228792,0.28461444740185615,4714,0,1,0,0,0,0,0,0,1,0,0,0,0,0,0,0,0,0,0,0,0,0,1,1,0,0
0.5846494726844857,0.6495290488431876,0.10770746486135128,4333,0,1,0,0,0,0,0,0,1,0,0,0,0,0,0,0,1,0,0,0,0,0,0,1,0,0
0.5898417592418839,0.6053984575835476,0.31667159034146114,4362,0,1,0,0,0,0,0,0,1,0,0,0,0,0,0,0,0,1,0,0,0,0,0,1,0,0
0.5898417592418839,0.5029994858611825,0.192300183498797,4803,0,1,0,0,0,0,0,0,1,0,0,0,0,0,0,0,0,0,1,0,0,0,0,1,0,0
0.6023022501403674,0.6508143958868895,0.20254816147646748,4182,0,1,0,0,0,0,0,0,1,0,0,0,0,0,0,0,0,0,0,1,0,0,0,1,0,0
0.5929568819665048,0.7686375321336761,0.344846829734103,4864,0,1,0,0,0,0,0,0,1,0,0,0,0,0,0,0,0,0,0,0,1,0,0,1,0,0
0.5649207774449165,0.8877460154241644,0.324350873778762,4105,0,1,0,0,0,0,0,0,1,0,0,0,0,0,0,0,0,0,0,0,0,1,0,0,1,0
0.575304104510623,0.9485861182519281,0.23204485608610528,3409,0,1,0,0,0,0,0,0,1,0,0,0,0,0,0,0,0,0,0,0,0,0,1,0,1,0
0.6272232319373348,0.8916020565552699,0.26921258792264147,4553,0,1,0,0,0,0,0,0,1,0,0,0,0,0,0,0,1,0,0,0,0,0,0,0,1,0
0.6459139682850601,0.8101974293059127,0.21538957262571504,3958,0,1,0,0,0,0,0,0,1,0,0,0,0,0,0,0,0,1,0,0,0,0,0,1,0,0
0.6261852730454911,0.8616113110539846,0.5256181926244656,4123,0,1,0,0,0,0,0,0,1,0,0,0,0,0,0,0,0,0,1,0,0,0,0,0,1,0
0.6116476183142302,0.8946015424164524,0.36922468923640717,3855,0,1,0,0,0,0,0,0,1,0,0,0,0,0,0,0,0,0,0,1,0,0,0,0,1,0
0.5877645954091066,0.8530416452442159,0.1769251242033903,4575,0,1,0,0,0,0,0,0,1,0,0,0,0,0,0,0,0,0,0,0,1,0,0,0,1,0
0.595034045799282,0.7399311053984575,0.21155920789376736,4917,0,1,0,0,0,0,0,0,1,0,0,0,0,0,0,0,0,0,0,0,0,1,0,1,0,0
0.6770651955312693,0.6443876606683805,0.20256465389727243,5805,0,1,0,0,0,0,0,0,1,0,0,0,0,0,0,0,0,0,0,0,0,0,1,1,0,0
0.6791423593640465,0.7707794344473007,0.258964609944971,4660,0,1,0,0,0,0,0,0,1,0,0,0,0,0,0,0,1,0,0,0,0,0,0,1,0,0
0.7134087093348765,0.8329048843187661,0.4359159158663891,4274,0,1,0,0,0,0,0,0,1,0,0,0,0,0,0,0,0,1,0,0,0,0,0,0,1,0
0.7487130181975501,0.7617820051413882,0.3807693837998662,4492,0,1,0,0,0,0,0,0,1,0,0,0,0,0,0,0,0,0,1,0,0,0,0,0,1,0
0.749750977089394,0.7159383033419023,0.271797774883816,4978,0,1,0,0,0,0,0,0,1,0,0,0,0,0,0,0,0,0,0,1,0,0,0,1,0,0
0.8089383088571912,0.6966580976863753,0.36541081692526445,4677,0,1,0,0,0,0,0,0,1,0,0,0,0,0,0,0,0,0,0,0,1,0,0,1,0,0
0.7757111638272947,0.6722365038560412,0.45001075099681215,4679,0,1,0,0,0,0,0,0,1,0,0,0,0,0,0,0,0,0,0,0,0,1,0,1,0,0
0.7435207316401522,0.7502138817480719,0.42818509361407286,4758,0,1,0,0,0,0,0,0,1,0,0,0,0,0,0,0,0,0,0,0,0,0,1,1,0,0
0.7580583863714129,0.8419023136246787,0.3948827729036947,4788,0,1,0,0,0,0,0,0,1,0,0,0,0,0,0,0,1,0,0,0,0,0,0,1,0,0
0.8400895361034003,0.7043701799485861,0.2243655726488044,4098,0,1,0,0,0,0,0,0,1,0,0,0,0,0,0,0,0,1,0,0,0,0,0,1,0,0
0.8920086635301119,0.6546704370179949,0.18334892210691497,3982,0,1,0,0,0,0,0,0,1,0,0,0,0,0,0,0,0,0,1,0,0,0,0,1,0,0
0.8785102137397846,0.6962293059125964,0.3807693837998662,3974,0,1,0,0,0,0,0,0,0,1,0,0,0,0,0,0,0,0,0,1,0,0,0,0,1,0
0.8172457181392102,0.31362467866323906,0.5564033576094894,4968,0,1,0,0,0,0,0,0,0,1,0,0,0,0,0,0,0,0,0,0,1,0,0,1,0,0
0.6988710546036156,0.36418200514138815,0.4756605884536974,5312,0,1,0,0,0,0,0,0,0,1,0,0,0,0,0,0,0,0,0,0,0,1,0,1,0,0
0.7175617909513411,0.4691516709511568,0.2077020429780117,5342,0,1,0,0,0,0,0,0,0,1,0,0,0,0,0,0,0,0,0,0,0,0,1,1,0,0
0.7341753634662894,0.6709511568123393,0.2397591859176166,4906,0,1,0,0,0,0,0,0,0,1,0,0,0,0,0,0,1,0,0,0,0,0,0,0,1,0
0.7715568361617403,0.6169665809768637,0.20513334843764205,4548,0,1,0,0,0,0,0,0,0,1,0,0,0,0,0,0,0,1,0,0,0,0,0,1,0,0
0.8079003499653474,0.6148246786632391,0.3410144034495547,4833,0,1,0,0,0,0,0,0,0,1,0,0,0,0,0,0,0,0,1,0,0,0,0,1,0,0
0.8930466224219558,0.6396740359897173,0.23589377479145845,4401,0,1,0,0,0,0,0,0,0,1,0,0,0,0,0,0,0,0,0,1,0,0,0,1,0,0
0.9335432178420277,0.5844041131105399,0.2628300210711291,3915,0,1,0,0,0,0,0,0,0,1,0,0,0,0,0,0,0,0,0,0,1,0,0,0,1,0
0.8670876817331447,0.622107969151671,0.24359779685996671,4586,0,1,0,0,0,0,0,0,0,1,0,0,0,0,0,0,0,0,0,0,0,1,0,1,0,0
0.8297062090376939,0.673093059125964,0.2730697528383972,4966,0,1,0,0,0,0,0,0,0,1,0,0,0,0,0,0,0,0,0,0,0,0,1,1,0,0
0.789209613617622,0.7690663239074551,0.29104030685798155,4460,0,1,0,0,0,0,0,0,0,1,0,0,0,0,0,0,1,0,0,0,0,0,0,1,0,0
0.7175617909513411,0.5085686375321337,0.5833334192313583,5020,0,1,0,0,0,0,0,0,0,1,0,0,0,0,0,0,0,1,0,0,0,0,0,1,0,0
0.6791423593640465,0.5214221079691517,0.5089794015848802,4891,0,1,0,0,0,0,0,0,0,1,0,0,0,0,0,0,0,0,1,0,0,0,0,1,0,0
0.7071784638856347,0.48500462724935733,0.2999977529076653,5180,0,1,0,0,0,0,0,0,0,1,0,0,0,0,0,0,0,0,0,1,0,0,0,1,0,0
0.709254381669322,0.7077974293059125,0.37948915963488256,3767,0,1,0,0,0,0,0,0,0,1,0,0,0,0,0,0,0,0,0,0,1,0,0,0,1,0
0.7352145684072228,0.7566406169665809,0.2487001395464955,4844,0,1,0,0,0,0,0,0,0,1,0,0,0,0,0,0,0,0,0,0,0,1,0,1,0,0
0.79440190017502,0.6893748071979435,0.20000420556730528,5119,0,1,0,0,0,0,0,0,0,1,0,0,0,0,0,0,0,0,0,0,0,0,1,1,0,0
0.7975170228996409,0.6855187660668381,0.16411669789575262,4744,0,1,0,0,0,0,0,0,0,1,0,0,0,0,0,0,1,0,0,0,0,0,0,0,1,0
0.7175617909513411,0.7673521850899743,0.27435822321378317,4010,0,1,0,0,0,0,0,0,0,1,0,0,0,0,0,0,0,1,0,0,0,0,0,0,1,0
0.7746719588863612,0.7922025706940875,0.30641536615338816,4835,0,0,1,0,0,0,0,0,0,1,0,0,0,0,0,0,0,0,1,0,0,0,0,0,1,0
0.8400895361034003,0.7275064267352185,0.3089655067203522,4507,0,0,1,0,0,0,0,0,0,1,0,0,0,0,0,0,0,0,0,1,0,0,0,1,0,0
0.8338592906541585,0.7232215938303341,0.446145339870654,4790,0,0,1,0,0,0,0,0,0,1,0,0,0,0,0,0,0,0,0,0,1,0,0,0,1,0
0.82866825014585,0.5895455012853471,0.41155454878488995,4991,0,0,1,0,0,0,0,0,0,1,0,0,0,0,0,0,0,0,0,0,0,1,0,1,0,0
0.7923247363422429,0.4970005141388175,0.38587997269679736,5202,0,0,1,0,0,0,0,0,0,1,0,0,0,0,0,0,0,0,0,0,0,0,1,1,0,0
0.7736339999945174,0.5278488431876607,0.14872370309272057,5305,0,0,1,0,0,0,0,0,0,1,0,0,0,0,0,0,1,0,0,0,0,0,0,1,0,0
0.7767491227191384,0.6769491002570693,0.17563665382800425,4708,0,0,1,0,0,0,0,0,0,1,0,0,0,0,0,0,0,1,0,0,0,0,0,0,1,0
0.8535892319428173,0.6520997429305913,0.2512853265076701,4648,0,0,1,0,0,0,0,0,0,1,0,0,0,0,0,0,0,0,1,0,0,0,0,1,0,0
0.8338592906541585,0.5119969151670951,0.49359609607907123,5225,0,0,1,0,0,0,0,0,0,1,0,0,0,0,0,0,0,0,0,1,0,0,0,1,0,0
0.79440190017502,0.4464442159383033,0.335868768158413,5515,0,0,1,0,0,0,0,0,0,1,0,0,0,0,0,0,0,0,0,0,1,0,0,1,0,0
0.8265910863130729,0.4074550128534704,0.16537012187692818,5362,0,0,1,0,0,0,0,0,0,0,1,0,0,0,0,0,0,0,0,0,0,1,0,1,0,0
0.8463197815526422,0.45715475578406173,0.19104469796502077,5119,0,0,1,0,0,0,0,0,0,0,1,0,0,0,0,0,0,0,0,0,0,0,1,1,0,0
0.8193228819719873,0.7017994858611826,0.4256411377049106,4649,0,0,1,0,0,0,0,0,0,0,1,0,0,0,0,0,1,0,0,0,0,0,0,0,1,0
0.8317833728704709,0.6559557840616966,0.12181198928899731,6043,0,0,1,0,0,0,0,0,0,0,1,0,0,0,0,0,0,1,0,0,0,0,0,0,1,0
0.8567043546674382,0.6071125964010282,0.21412584088153638,4665,0,0,1,0,0,0,0,0,0,0,1,0,0,0,0,0,0,0,1,0,0,0,0,1,0,0
0.823475963588452,0.7643526992287917,0.2628300210711291,4629,0,0,1,0,0,0,0,0,0,0,1,0,0,0,0,0,0,0,0,1,0,0,0,1,0,0
0.8608574362839029,0.6696658097686375,0.28203750665108407,4592,0,0,1,0,0,0,0,0,0,0,1,0,0,0,0,0,0,0,0,0,1,0,0,1,0,0
0.8099775137981245,0.7793491002570695,0.4179536080572072,4040,0,0,1,0,0,0,0,0,0,0,1,0,0,0,0,0,0,0,0,0,0,1,0,0,1,0
0.8400895361034003,0.6263928020565552,0.2999977529076653,5336,0,0,1,0,0,0,0,0,0,0,1,0,0,0,0,0,0,0,0,0,0,0,1,1,0,0
0.857742313559282,0.5946868894601542,0.3320734498206759,4881,0,0,1,0,0,0,0,0,0,0,1,0,0,0,0,0,1,0,0,0,0,0,0,1,0,0
0.8764330499070074,0.653812853470437,0.5358909092333436,4086,0,0,1,0,0,0,0,0,0,0,1,0,0,0,0,0,0,1,0,0,0,0,0,1,0,0
0.9158916864352354,0.5749789203084833,0.36667248711684236,4258,0,0,1,0,0,0,0,0,0,0,1,0,0,0,0,0,0,0,1,0,0,0,0,1,0,0
0.8567043546674382,0.6495290488431876,0.2550991988188128,4342,0,0,1,0,0,0,0,0,0,0,1,0,0,0,0,0,0,0,0,1,0,0,0,1,0,0
0.7746719588863612,0.4897172236503856,0.4499860123656048,5084,0,0,1,0,0,0,0,0,0,0,1,0,0,0,0,0,0,0,0,0,1,0,0,1,0,0
0.7528660998140148,0.6079691516709511,0.33075817926148177,5538,0,0,1,0,0,0,0,0,0,0,1,0,0,0,0,0,0,0,0,0,0,1,0,1,0,0
0.7819414092765363,0.6015424164524421,0.3833463245506383,5923,0,0,1,0,0,0,0,0,0,0,1,0,0,0,0,0,0,0,0,0,0,0,1,1,0,0
0.8224380046966082,0.6212514138817481,0.45898675101990155,5302,0,0,1,0,0,0,0,0,0,0,1,0,0,0,0,0,1,0,0,0,0,0,0,1,0,0
0.8567043546674382,0.6696658097686375,0.39872963005644735,4458,0,0,1,0,0,0,0,0,0,0,1,0,0,0,0,0,0,1,0,0,0,0,0,1,0,0
0.8940858273628891,0.6688092544987148,0.22307710227341832,4541,0,0,1,0,0,0,0,0,0,0,1,0,0,0,0,0,0,0,1,0,0,0,0,1,0,0
0.8837012542480931,0.7270776349614395,0.18847806497725178,4332,0,0,1,0,0,0,0,0,0,0,1,0,0,0,0,0,0,0,0,1,0,0,0,1,0,0
0.9418506271240464,0.7107969151670951,0.41154630257448754,3784,0,0,1,0,0,0,0,0,0,0,1,0,0,0,0,0,0,0,0,0,1,0,0,0,1,0
0.9833851814359623,0.5968298200514138,0.22823098377496254,3387,0,0,1,0,0,0,0,0,0,0,1,0,0,0,0,0,0,0,0,0,0,1,0,1,0,0
0.9844243863768956,0.5141388174807198,0.22435732643840192,3285,0,0,1,0,0,0,0,0,0,0,1,0,0,0,0,0,0,0,0,0,0,0,1,1,0,0
0.960541363471772,0.5664092544987147,0.302593247631843,3606,0,0,1,0,0,0,0,0,0,0,1,0,0,0,0,0,1,0,0,0,0,0,0,1,0,0
0.8525500270018839,0.7784915167095116,0.1410444196554197,3840,0,0,1,0,0,0,0,0,0,0,1,0,0,0,0,0,0,1,0,0,0,0,0,1,0,0
0.8878555819136472,0.5561264781491003,0.3666807333272448,4590,0,0,1,0,0,0,0,0,0,0,1,0,0,0,0,0,0,0,1,0,0,0,0,1,0,0
0.8920086635301119,0.41431053984575833,0.3320569573998709,4656,0,0,1,0,0,0,0,0,0,0,1,0,0,0,0,0,0,0,0,1,0,0,0,1,0,0
0.89720095008751,0.5998282776349615,0.32178217923839236,4390,0,0,1,0,0,0,0,0,0,0,1,0,0,0,0,0,0,0,0,0,1,0,0,1,0,0
0.9709246905374784,0.5578406169665809,0.31283297939911103,3846,0,0,1,0,0,0,0,0,0,0,1,0,0,0,0,0,0,0,0,0,0,1,0,1,0,0
0.9283521773337191,0.4790056555269923,0.3012862232830514,4475,0,0,1,0,0,0,0,0,0,0,1,0,0,0,0,0,0,0,0,0,0,0,1,1,0,0
0.9304280951174068,0.4944298200514139,0.29360900139835117,4302,0,0,1,0,0,0,0,0,0,0,1,0,0,0,0,0,1,0,0,0,0,0,0,1,0,0
0.8878555819136472,0.5664092544987147,0.2769186715437503,4266,0,0,1,0,0,0,0,0,0,0,0,1,0,0,0,0,0,1,0,0,0,0,0,1,0,0
0.9023919905958183,0.5051413881748072,0.378208935469899,4845,0,0,1,0,0,0,0,0,0,0,0,1,0,0,0,0,0,0,1,0,0,0,0,1,0,0
0.8380136183197127,0.6760925449871465,0.23334981888229625,3574,0,0,1,0,0,0,0,0,0,0,0,1,0,0,0,0,0,0,0,1,0,0,0,0,1,0
0.8110154726899683,0.7789203084832905,0.3602734278445251,4576,0,0,1,0,0,0,0,0,0,0,0,1,0,0,0,0,0,0,0,0,1,0,0,0,1,0
0.8120534315818121,0.6486714652956298,0.3345988517564325,4866,0,0,1,0,0,0,0,0,0,0,0,1,0,0,0,0,0,0,0,0,0,1,0,1,0,0
0.8193228819719873,0.7763496143958869,0.424387713723735,4294,0,0,1,0,0,0,0,0,0,0,0,1,0,0,0,0,0,0,0,0,0,0,1,0,1,0
0.8515120681100401,0.7742077120822622,0.369214381473404,3785,0,0,1,0,0,0,0,0,0,0,0,1,0,0,0,0,1,0,0,0,0,0,0,1,0,0
0.8795481726316283,0.608825706940874,0.3500172036564521,4326,0,0,1,0,0,0,0,0,0,0,0,1,0,0,0,0,0,1,0,0,0,0,0,1,0,0
0.8920086635301119,0.5865470437017994,0.2653822231906938,4602,0,0,1,0,0,0,0,0,0,0,0,1,0,0,0,0,0,0,1,0,0,0,0,1,0,0
0.8816253364644054,0.4361614395886889,0.3666807333272448,4780,0,0,1,0,0,0,0,0,0,0,0,1,0,0,0,0,0,0,0,1,0,0,0,1,0,0
0.8203608408638311,0.43573264781491,0.29357395500414063,4792,0,0,1,0,0,0,0,0,0,0,0,1,0,0,0,0,0,0,0,0,1,0,0,1,0,0
0.8089383088571912,0.4267352185089974,0.21281263187494293,4905,0,0,1,0,0,0,0,0,0,0,0,1,0,0,0,0,0,0,0,0,0,1,0,1,0,0
0.7809022043356031,0.7502138817480719,0.3897618762437604,4150,0,0,1,0,0,0,0,0,0,0,0,1,0,0,0,0,0,0,0,0,0,0,1,0,1,0
0.7694809183780528,0.8406169665809768,0.41280797276606546,3820,0,0,1,0,0,0,0,0,0,0,0,1,0,0,0,0,1,0,0,0,0,0,0,0,1,0
0.7559812225386358,0.7322190231362468,0.38460799474221624,4338,0,0,1,0,0,0,0,0,0,0,0,1,0,0,0,0,0,1,0,0,0,0,0,1,0,0
0.7995929406833285,0.5946868894601542,0.44104299718412526,4725,0,0,1,0,0,0,0,0,0,0,0,1,0,0,0,0,0,0,1,0,0,0,0,1,0,0
0.8276290452049166,0.5916884318766067,0.2500154101056896,4694,0,0,1,0,0,0,0,0,0,0,0,1,0,0,0,0,0,0,0,1,0,0,0,1,0,0
0.8130926365227455,0.673093059125964,0.43460889151759746,3805,0,0,1,0,0,0,0,0,0,0,0,1,0,0,0,0,0,0,0,0,1,0,0,1,0,0
0.7798642454437593,0.7433593830334191,0.24102910231959712,4153,0,0,1,0,0,0,0,0,0,0,0,1,0,0,0,0,0,0,0,0,0,1,0,0,1,0
0.7954398590668638,0.6932308483290489,0.16920254816147645,5191,0,0,1,0,0,0,0,0,0,0,0,1,0,0,0,0,0,0,0,0,0,0,1,1,0,0
0.8120534315818121,0.7917737789203085,0.4666577882468,3873,0,0,1,0,0,0,0,0,0,0,0,1,0,0,0,0,1,0,0,0,0,0,0,1,0,0
0.7881716547257782,0.4832904884318766,0.5243730148536926,4758,0,0,1,0,0,0,0,0,0,0,0,1,0,0,0,0,0,1,0,0,0,0,0,1,0,0
0.7248299952924266,0.46829511568123394,0.25639797695720196,5895,0,0,1,0,0,0,0,0,0,0,0,1,0,0,0,0,0,0,1,0,0,0,0,1,0,0
0.7653265907124984,0.622107969151671,0.47563378826988933,5130,0,0,1,0,0,0,0,0,0,0,0,1,0,0,0,0,0,0,0,1,0,0,0,1,0,0
0.7788262865519155,0.7934879177377893,0.38848165207877683,3542,0,0,1,0,0,0,0,0,0,0,0,1,0,0,0,0,0,0,0,0,1,0,0,0,1,0
0.7985549817914847,0.7827763496143959,0.1269314428621112,4661,0,0,1,0,0,0,0,0,0,0,0,1,0,0,0,0,0,0,0,0,0,1,0,1,0,0
0.7736339999945174,0.8740359897172236,0.7281925358189609,1115,0,0,1,0,0,0,0,0,0,0,0,1,0,0,0,0,0,0,0,0,0,0,1,0,1,0
0.8073508423167244,0.5776503856041131,0.5819088863843315,4334,0,0,1,0,0,0,0,0,0,0,0,1,0,0,0,0,1,0,0,0,0,0,0,1,0,0
0.7196389547841183,0.5702652956298201,0.28332597702647017,4634,0,0,1,0,0,0,0,0,0,0,0,1,0,0,0,0,0,1,0,0,0,0,0,1,0,0
0.7227540775087392,0.5638385604113111,0.21154890013076427,5204,0,0,1,0,0,0,0,0,0,0,0,1,0,0,0,0,0,0,1,0,0,0,0,1,0,0
0.7445599365810854,0.6148246786632391,0.12563431396580252,5058,0,0,1,0,0,0,0,0,0,0,0,1,0,0,0,0,0,0,0,1,0,0,0,1,0,0
0.7424827727483083,0.6572411311053984,0.24615824518993396,5115,0,0,1,0,0,0,0,0,0,0,0,0,1,0,0,0,0,0,0,0,1,0,0,1,0,0
0.7279451180170476,0.7476431876606683,0.24230932648458067,4727,0,0,1,0,0,0,0,0,0,0,0,0,1,0,0,0,0,0,0,0,0,1,0,0,1,0
0.76013555020419,0.7369326478149101,0.335895568342221,4484,0,0,1,0,0,0,0,0,0,0,0,0,1,0,0,0,0,0,0,0,0,0,1,1,0,0
0.8099775137981245,0.7630673521850899,0.3794809134244801,4940,0,0,1,0,0,0,0,0,0,0,0,0,1,0,0,0,1,0,0,0,0,0,0,1,0,0
0.7653265907124984,0.8127681233933163,0.3923223245737276,3351,0,0,1,0,0,0,0,0,0,0,0,0,1,0,0,0,0,1,0,0,0,0,0,0,1,0
0.5991871274157465,0.9120380462724936,0.6628949187469965,2710,0,0,1,0,0,0,0,0,0,0,0,0,1,0,0,0,0,0,1,0,0,0,0,0,0,1
0.6729121139148048,0.9430159383033418,0.15385181518675706,1996,0,0,1,0,0,0,0,0,0,0,0,0,1,0,0,0,0,0,0,1,0,0,0,0,0,1
0.716207335590676,0.9661336760925451,0.3511984732966061,1842,0,0,1,0,0,0,0,0,0,0,0,0,1,0,0,0,0,0,0,0,1,0,0,0,0,1
0.7362525272990665,0.923307969151671,0.2102521835449757,3544,0,0,1,0,0,0,0,0,0,0,0,0,1,0,0,0,0,0,0,0,0,1,0,0,1,0
0.7487130181975501,0.7750642673521851,0.27050930450843,5345,0,0,1,0,0,0,0,0,0,0,0,0,1,0,0,0,0,0,0,0,0,0,1,1,0,0
0.7404056089155312,0.7339331619537275,0.19102820554421585,5046,0,0,1,0,0,0,0,0,0,0,0,0,1,0,0,0,1,0,0,0,0,0,0,1,0,0
0.7292098578432435,0.7117470437017994,0.137137159011469,4713,0,0,1,0,0,0,0,0,0,0,0,0,1,0,0,0,0,1,0,0,0,0,0,1,0,0
0.7372904861909103,0.7326478149100257,0.24617473761073885,4763,0,0,1,0,0,0,0,0,0,0,0,0,1,0,0,0,0,0,1,0,0,0,0,1,0,0
0.7653265907124984,0.7167948586118251,0.29873608271608726,4785,0,0,1,0,0,0,0,0,0,0,0,0,1,0,0,0,0,0,0,1,0,0,0,1,0,0
0.6459139682850601,0.7292205655526993,0.5128200740798311,3659,0,0,1,0,0,0,0,0,0,0,0,0,1,0,0,0,0,0,0,0,1,0,0,0,1,0
0.5109257322345174,0.6071125964010282,0.292310223259962,4760,0,0,1,0,0,0,0,0,0,0,0,0,1,0,0,0,0,0,0,0,0,1,0,0,1,0
0.5389618367561055,0.7386457583547558,0.34486332215490795,4511,0,0,1,0,0,0,0,0,0,0,0,0,1,0,0,0,0,0,0,0,0,0,1,0,1,0
0.5586905319956748,0.7146529562982005,0.3217904254487948,4274,0,0,1,0,0,0,0,0,0,0,0,0,1,0,0,0,1,0,0,0,0,0,0,1,0,0
0.6106096594223865,0.7095115681233933,0.2666624473556774,4539,0,0,1,0,0,0,0,0,0,0,0,0,1,0,0,0,0,1,0,0,0,0,0,0,1,0
0.6261852730454911,0.9061696658097687,0.2320531022965077,3641,0,0,1,0,0,0,0,0,0,0,0,0,1,0,0,0,0,0,1,0,0,0,0,0,1,0
0.6677198273574065,0.9254498714652957,0.15258066185321623,4352,0,0,1,0,0,0,0,0,0,0,0,0,1,0,0,0,0,0,0,1,0,0,0,0,1,0
0.709254381669322,0.9275917737789202,0.21797475958688955,4795,0,0,1,0,0,0,0,0,0,0,0,0,1,0,0,0,0,0,0,0,1,0,0,0,1,0
0.6853726048132883,1.0,0.11539540681957476,2395,0,0,0,1,0,0,0,0,0,0,0,0,1,0,0,0,0,0,0,0,0,1,0,0,1,0
0.6822574820886673,0.8868894601542416,0.11542962859274498,5423,0,0,0,1,0,0,0,0,0,0,0,0,1,0,0,0,0,0,0,0,0,0,1,0,1,0
0.7165238320594974,0.8688946015424165,0.057697703409787374,5010,0,0,0,1,0,0,0,0,0,0,0,0,1,0,0,0,1,0,0,0,0,0,0,0,1,0
0.7352145684072228,0.8723218508997429,0.18205220552112647,4630,0,0,0,1,0,0,0,0,0,0,0,0,1,0,0,0,0,1,0,0,0,0,0,0,1,0
0.7196389547841183,0.910454498714653,0.19745406500034118,4120,0,0,0,1,0,0,0,0,0,0,0,0,1,0,0,0,0,0,1,0,0,0,0,0,1,0
0.7175617909513411,0.8727506426735219,0.2602448341099545,3907,0,0,0,1,0,0,0,0,0,0,0,0,1,0,0,0,0,0,0,1,0,0,0,0,1,0
0.694717972987151,0.7189377892030849,0.31024573088533586,4839,0,0,0,1,0,0,0,0,0,0,0,0,1,0,0,0,0,0,0,0,1,0,0,1,0,0
0.629300395770112,0.6658097686375322,0.37949740584528496,5202,0,0,0,1,0,0,0,0,0,0,0,0,1,0,0,0,0,0,0,0,0,1,0,1,0,0
0.43720074573545925,0.7750642673521851,0.5564219115828951,2429,0,0,0,1,0,0,0,0,0,0,0,0,0,1,0,0,0,0,0,0,0,0,1,0,1,0
0.37074520962657664,0.814053470437018,0.4115298101536825,2918,0,0,0,1,0,0,0,0,0,0,0,0,0,1,0,0,1,0,0,0,0,0,0,0,1,0
0.40501155959740653,0.7823475578406169,0.12566008337331022,3570,0,0,0,1,0,0,0,0,0,0,0,0,0,1,0,0,0,1,0,0,0,0,0,0,1,0
0.529616468582243,0.7300771208226221,0.37821718168030144,4456,0,0,0,1,0,0,0,0,0,0,0,0,0,1,0,0,0,0,1,0,0,0,0,1,0,0
0.5971099635829694,0.6662385604113111,0.3192485310922332,4826,0,0,0,1,0,0,0,0,0,0,0,0,0,1,0,0,0,0,0,1,0,0,0,1,0,0
0.5420769594807265,0.6383886889460154,0.2320531022965077,4765,0,0,0,1,0,0,0,0,0,0,0,0,0,1,0,0,0,0,0,0,1,0,0,1,0,0
0.5628436136121393,0.7035136246786633,0.0,4985,0,0,0,1,0,0,0,0,0,0,0,0,0,1,0,0,0,0,0,0,0,1,0,1,0,0
0.5763433094515565,0.7210796915167095,0.04744147922171441,5409,0,0,0,1,0,0,0,0,0,0,0,0,0,1,0,0,0,0,0,0,0,0,1,1,0,0
0.6002250863075903,0.7480719794344473,0.08464384514194098,5511,0,0,0,1,0,0,0,0,0,0,0,0,0,1,0,0,1,0,0,0,0,0,0,1,0,0
0.6376065590030412,0.7544987146529563,0.0410506661597996,5117,0,0,0,1,0,0,0,0,0,0,0,0,0,1,0,0,0,1,0,0,0,0,0,1,0,0
0.6324155184947328,0.8316195372750642,0.24872693973030358,4563,0,0,0,1,0,0,0,0,0,0,0,0,0,1,0,0,0,0,1,0,0,0,0,0,1,0
0.6033402090322112,0.9318766066838047,0.4654126104760269,2416,0,0,0,1,0,0,0,0,0,0,0,0,0,1,0,0,0,0,0,1,0,0,0,0,0,1
0.6604516230163211,0.9220226221079693,0.24613969121652832,2913,0,0,0,1,0,0,0,0,0,0,0,0,0,1,0,0,0,0,0,0,1,0,0,0,1,0
0.6126855772060739,0.7365038560411311,0.4153849135168376,3644,0,0,0,1,0,0,0,0,0,0,0,0,0,1,0,0,0,0,0,0,0,1,0,0,1,0
0.5576525731038311,0.4970005141388175,0.48589001245796226,5217,0,0,0,1,0,0,0,0,0,0,0,0,0,1,0,0,0,0,0,0,0,0,1,1,0,0
0.5638828185530729,0.5004287917737789,0.5346127466209606,5041,0,0,0,1,0,0,0,0,0,0,0,0,0,1,0,0,1,0,0,0,0,0,0,1,0,0
0.591918923074661,0.595972236503856,0.3153913661764775,4570,0,0,0,1,0,0,0,0,0,0,0,0,0,1,0,0,0,1,0,0,0,0,0,1,0,0
0.5898417592418839,0.7215084832904884,0.18078847377694782,4748,0,0,0,1,0,0,0,0,0,0,0,0,0,1,0,0,0,0,1,0,0,0,0,0,1,0
0.6013540067829929,0.920531619537275,0.4554944809144553,2424,0,0,0,1,0,0,0,0,0,0,0,0,0,1,0,0,0,0,0,1,0,0,0,0,0,1
0.5192318954674466,0.6542416452442159,0.8243804570585808,4195,0,0,0,1,0,0,0,0,0,0,0,0,0,1,0,0,0,0,0,0,1,0,0,1,0,0
0.45900660480780564,0.5904030848329048,0.41025783219910145,4304,0,0,0,1,0,0,0,0,0,0,0,0,0,1,0,0,0,0,0,0,0,1,0,1,0,0
0.4527763593585639,0.646958354755784,0.14487560900840762,4308,0,0,0,1,0,0,0,0,0,0,0,0,0,1,0,0,0,0,0,0,0,0,1,1,0,0
0.4517384004667202,0.7622107969151671,0.15898858580171615,4381,0,0,0,1,0,0,0,0,0,0,0,0,0,1,0,0,1,0,0,0,0,0,0,1,0,0
0.5036562818443421,0.7939156812339331,0.19873428916532473,4187,0,0,0,1,0,0,0,0,0,0,0,0,0,1,0,0,0,1,0,0,0,0,0,1,0,0
0.5140408549591383,0.640531619537275,0.29741256594649074,4687,0,0,0,1,0,0,0,0,0,0,0,0,0,1,0,0,0,0,1,0,0,0,0,1,0,0
0.529616468582243,0.7407886889460155,0.2602716342937626,3894,0,0,0,1,0,0,0,0,0,0,0,0,0,1,0,0,0,0,0,1,0,0,0,0,1,0
0.5119636911263611,0.8359043701799487,0.36153715958870375,2659,0,0,0,1,0,0,0,0,0,0,0,0,0,1,0,0,0,0,0,0,1,0,0,0,1,0
0.33855477743943396,0.602398971722365,0.42692136186989416,3747,0,0,0,1,0,0,0,0,0,0,0,0,0,1,0,0,0,0,0,0,0,1,0,0,1,0
0.24302517791711933,0.9074550128534704,0.6782081314643846,627,0,0,0,1,0,0,0,0,0,0,0,0,0,1,0,0,0,0,0,0,0,0,1,0,0,1
0.324018368757263,0.6413881748071979,0.31794356829604226,3331,0,0,0,1,0,0,0,0,0,0,0,0,0,1,0,0,1,0,0,0,0,0,0,1,0,0
0.3499773094460739,0.7232215938303341,0.17308445170843953,3669,0,0,0,1,0,0,0,0,0,0,0,0,0,1,0,0,0,1,0,0,0,0,0,1,0,0
0.4257782137288193,0.7030848329048843,0.2333250802510889,4068,0,0,0,1,0,0,0,0,0,0,0,0,0,0,1,0,0,0,1,0,0,0,0,1,0,0
0.39670415031538747,0.7390745501285347,0.12307469025687563,4186,0,0,0,1,0,0,0,0,0,0,0,0,0,0,1,0,0,0,0,1,0,0,0,1,0,0
0.4351235819026821,0.7219362467866324,0.23589377479145845,3974,0,0,0,1,0,0,0,0,0,0,0,0,0,0,1,0,0,0,0,0,1,0,0,1,0,0
0.4288933364534403,0.6401028277634961,0.5141250368760221,4046,0,0,0,1,0,0,0,0,0,0,0,0,0,0,1,0,0,0,0,0,0,1,0,0,1,0
0.3333637369311257,0.5338478149100256,0.3435995904107293,3926,0,0,0,1,0,0,0,0,0,0,0,0,0,0,1,0,0,0,0,0,0,0,1,1,0,0
0.36036063651178035,0.7553552699228792,0.14361290804052929,3649,0,0,0,1,0,0,0,0,0,0,0,0,0,0,1,0,1,0,0,0,0,0,0,1,0,0
0.41851000938773386,0.7802056555269923,0.07181068020309592,4035,0,0,0,1,0,0,0,0,0,0,0,0,0,0,1,0,0,1,0,0,0,0,0,1,0,0
0.4351235819026821,0.7420740359897173,0.09616277029789229,4205,0,0,0,1,0,0,0,0,0,0,0,0,0,0,1,0,0,0,1,0,0,0,0,1,0,0
0.42474025483697564,0.7797768637532133,0.0820582458702463,4109,0,0,0,1,0,0,0,0,0,0,0,0,0,0,1,0,0,0,0,1,0,0,0,1,0,0
0.39981927304000847,0.8363321336760925,0.3436098981737324,2933,0,0,0,1,0,0,0,0,0,0,0,0,0,0,1,0,0,0,0,0,1,0,0,0,1,0
0.3302486142065047,0.4588688946015424,0.6025573972321181,3368,0,0,0,1,0,0,0,0,0,0,0,0,0,0,1,0,0,0,0,0,0,1,0,1,0,0
0.37074520962657664,0.5685521850899743,0.391015300224936,4067,0,0,0,1,0,0,0,0,0,0,0,0,0,0,1,0,0,0,0,0,0,0,1,1,0,0
0.47562017732275386,0.4712935732647815,0.534620992831363,3717,0,0,0,1,0,0,0,0,0,0,0,0,0,0,1,0,1,0,0,0,0,0,0,1,0,0
0.586726636517263,0.6036843187660669,0.5859021137717279,4486,0,0,0,1,0,0,0,0,0,0,0,0,0,0,1,0,0,1,0,0,0,0,0,1,0,0
0.586726636517263,0.7082262210796915,0.3653922629518588,4195,0,0,0,1,0,0,0,0,0,0,0,0,0,0,1,0,0,0,1,0,0,0,0,0,1,0
0.4953501186114129,0.9562982005141388,0.23591851342266584,1817,0,0,0,1,0,0,0,0,0,0,0,0,0,0,1,0,0,0,0,1,0,0,0,0,0,1
0.3520544732788511,0.5921161953727506,0.5833581578625657,3053,0,0,0,1,0,0,0,0,0,0,0,0,0,0,1,0,0,0,0,0,1,0,0,0,1,0
0.26794615971408664,0.42159383033419023,0.30127797707264886,3392,0,0,0,1,0,0,0,0,0,0,0,0,0,0,1,0,0,0,0,0,0,1,0,1,0,0
0.3364788596557466,0.5162807197943445,0.4166486452610163,3663,0,0,0,1,0,0,0,0,0,0,0,0,0,0,1,0,0,0,0,0,0,0,1,1,0,0
0.5036562818443421,0.7039413881748071,0.3371840387176071,3520,0,0,0,1,0,0,0,0,0,0,0,0,0,0,1,0,1,0,0,0,0,0,0,0,1,0
0.4839275866047729,0.9357326478149101,0.23844391535842255,2765,0,0,0,1,0,0,0,0,0,0,0,0,0,0,1,0,0,1,0,0,0,0,0,0,0,1
0.44550815501747837,0.9897172236503856,0.19873428916532473,1607,0,0,0,1,0,0,0,0,0,0,0,0,0,0,1,0,0,0,1,0,0,0,0,0,0,1
0.47562017732275386,0.7793491002570695,0.6461592347351821,2566,0,0,0,1,0,0,0,0,0,0,0,0,0,0,1,0,0,0,0,1,0,0,0,0,1,0
0.3915118637579894,0.5646961439588689,0.2987443289264898,1495,0,0,0,1,0,0,0,0,0,0,0,0,0,0,1,0,0,0,0,0,1,0,0,1,0,0
0.3935890275907666,0.6619537275064268,0.1577172263129152,2792,0,0,0,1,0,0,0,0,0,0,0,0,0,0,1,0,0,0,0,0,0,1,0,1,0,0
0.3946269864826103,0.7009429305912597,0.09489141080909132,3068,0,0,0,1,0,0,0,0,0,0,0,0,0,0,1,0,0,0,0,0,0,0,1,1,0,0
0.49846524133603376,0.7180802056555269,0.38460799474221624,3071,0,0,0,1,0,0,0,0,0,0,0,0,0,0,1,0,1,0,0,0,0,0,0,1,0,0
0.5536789225563046,0.7640544987146529,0.24683031133773528,3867,0,0,0,1,0,0,0,0,0,0,0,0,0,0,1,0,0,1,0,0,0,0,0,1,0,0
0.49742603639510025,0.8543269922879176,0.48590856643136787,2914,0,0,0,1,0,0,0,0,0,0,0,0,0,0,1,0,0,0,1,0,0,0,0,0,1,0
0.3312865730983484,0.6306766066838047,0.5128448127110384,3613,0,0,0,1,0,0,0,0,0,0,0,0,0,0,1,0,0,0,0,1,0,0,0,1,0,0
0.31571095947524386,0.5394169665809769,0.4077056300795367,3727,0,0,0,1,0,0,0,0,0,0,0,0,0,0,0,1,0,0,0,0,1,0,0,1,0,0
0.3177881233080211,0.6435300771208227,0.161548003355383,3940,0,0,0,1,0,0,0,0,0,0,0,0,0,0,0,1,0,0,0,0,0,1,0,1,0,0
0.2990973869602957,0.6302488431876606,0.15130064384349268,3614,0,0,0,1,0,0,0,0,0,0,0,0,0,0,0,1,0,0,0,0,0,0,1,1,0,0
0.33855477743943396,0.7977717223650385,0.1269227843411886,3485,0,0,0,1,0,0,0,0,0,0,0,0,0,0,0,1,1,0,0,0,0,0,0,1,0,0
0.4070874773810939,0.8504709511568123,0.08208401527775402,3811,0,0,0,1,0,0,0,0,0,0,0,0,0,0,0,1,0,1,0,0,0,0,0,0,1,0
0.5026183229524983,0.9764349614395886,0.4333204211422114,2594,0,0,0,1,0,0,0,0,0,0,0,0,0,0,0,1,0,0,1,0,0,0,0,0,0,1
0.43720074573545925,0.9978580976863753,0.5025720961021606,705,0,0,0,1,0,0,0,0,0,0,0,0,0,0,0,1,0,0,0,1,0,0,0,0,0,1
0.25756158659929035,0.596401028277635,0.4487305268318286,3322,0,0,0,1,0,0,0,0,0,0,0,0,0,0,0,1,0,0,0,0,1,0,0,1,0,0
0.2887128138454994,0.7155095115681234,0.12436316063226169,3620,0,0,0,1,0,0,0,0,0,0,0,0,0,0,0,1,0,0,0,0,0,1,0,1,0,0
0.2689841186059303,0.5218508997429306,0.43463569170140554,3190,0,0,0,1,0,0,0,0,0,0,0,0,0,0,0,1,0,0,0,0,0,0,1,1,0,0
0.20148937755611396,0.5038560411311054,0.09101754731727067,2743,0,0,0,1,0,0,0,0,0,0,0,0,0,0,0,1,1,0,0,0,0,0,0,1,0,0
0.22329523662846035,0.6898025706940873,0.08464384514194098,3310,0,0,0,1,0,0,0,0,0,0,0,0,0,0,0,1,0,1,0,0,0,0,0,1,0,0
0.27832948677979297,0.6066838046272494,0.24358955064956428,3523,0,0,0,1,0,0,0,0,0,0,0,0,0,0,0,1,0,0,1,0,0,0,0,1,0,0
0.32194120492448575,0.6825192802056556,0.07950707452698191,3740,0,0,0,1,0,0,0,0,0,0,0,0,0,0,0,1,0,0,0,1,0,0,0,0,1,0
0.4527763593585639,0.6520997429305913,0.5064210148075138,3709,0,0,0,1,0,0,0,0,0,0,0,0,0,0,0,1,0,0,0,0,1,0,0,0,1,0
0.3935890275907666,0.5145676092544987,0.49102740153870167,3577,0,0,0,1,0,0,0,0,0,0,0,0,0,0,0,1,0,0,0,0,0,1,0,0,1,0
0.2482162184254276,0.5766920308483291,0.45513989386714904,2739,0,0,0,1,0,0,0,0,0,0,0,0,0,0,0,1,0,0,0,0,0,0,1,0,1,0
0.22329523662846035,0.602827763496144,0.30384667161301854,2431,0,0,0,1,0,0,0,0,0,0,0,0,0,0,0,1,1,0,0,0,0,0,0,1,0,0
0.27106128243870753,0.6555269922879178,0.3102725310691439,3403,0,0,0,1,0,0,0,0,0,0,0,0,0,0,0,1,0,1,0,0,0,0,0,1,0,0
0.4070874773810939,0.6122539845758355,0.08076977549486024,3750,0,0,0,1,0,0,0,0,0,0,0,0,0,0,0,1,0,0,1,0,0,0,0,0,1,0
0.46004456369964936,0.8826046272493573,0.4102660784095039,2660,1,0,0,0,0,0,0,0,0,0,0,0,0,0,0,1,0,0,0,1,0,0,0,0,1,0
0.4538143182504076,0.7789203084832905,0.05129823182694998,3068,1,0,0,0,0,0,0,0,0,0,0,0,0,0,0,1,0,0,0,0,1,0,0,0,1,0
0.3915118637579894,0.705655526992288,0.5192108871417459,2209,1,0,0,0,0,0,0,0,0,0,0,0,0,0,0,1,0,0,0,0,0,1,0,1,0,0
0.30325046857676025,0.5578406169665809,0.34616003874069645,1011,1,0,0,0,0,0,0,0,0,0,0,0,0,0,0,1,0,0,0,0,0,0,1,1,0,0
0.2687137259534332,0.7005696658097685,0.273566587015146,754,1,0,0,0,0,0,0,0,0,0,0,0,0,0,0,1,1,0,0,0,0,0,0,1,0,0
0.32722320701635293,0.5212925449871465,0.44750802613966234,1317,1,0,0,0,0,0,0,0,0,0,0,0,0,0,0,1,0,1,0,0,0,0,0,1,0,0
0.3312865730983484,0.7840616966580977,0.3423379202191513,1162,1,0,0,0,0,0,0,0,0,0,0,0,0,0,0,1,0,0,1,0,0,0,0,0,1,0
0.2990512831439713,0.5181624678663239,0.5598543966629235,2302,1,0,0,0,0,0,0,0,0,0,0,0,0,0,0,1,0,0,0,1,0,0,0,1,0,0
0.235755727526944,0.5904030848329048,0.20001245177770768,2423,1,0,0,0,0,0,0,0,0,0,0,0,0,0,0,1,0,0,0,0,1,0,0,1,0,0
0.3146730005834002,0.6546704370179949,0.23078112434192663,2999,1,0,0,0,0,0,0,0,0,0,0,0,0,0,0,1,0,0,0,0,0,1,0,1,0,0
0.43720074573545925,0.6332473007712083,0.4076973838691343,2485,1,0,0,0,0,0,0,0,0,0,0,0,0,0,0,1,0,0,0,0,0,0,1,1,0,0
0.3873587821415248,0.712082262210797,0.35000071123564724,2294,1,0,0,0,1,0,0,0,0,0,0,0,0,0,0,0,1,0,0,0,0,0,0,1,0,0
0.266545600537097,0.3920863753213368,0.6334600707153771,1951,1,0,0,0,1,0,0,0,0,0,0,0,0,0,0,0,0,1,0,0,0,0,0,1,0,0
0.11322798237488485,0.4537275064267352,0.7076883336532176,2236,1,0,0,0,1,0,0,0,0,0,0,0,0,0,0,0,0,0,1,0,0,0,0,1,0,0
0.06027089605632939,0.4263064267352185,0.33460709796683497,2368,1,0,0,0,1,0,0,0,0,0,0,0,0,0,0,0,0,0,0,1,0,0,0,0,1,0
0.25756158659929035,0.5389892030848329,0.22181337052923966,3272,1,0,0,0,1,0,0,0,0,0,0,0,0,0,0,0,0,0,0,0,1,0,0,1,0,0
0.34270910510498837,0.5574118251928021,0.2999895066972629,4098,1,0,0,0,1,0,0,0,0,0,0,0,0,0,0,0,0,0,0,0,0,1,0,1,0,0
0.4164328455549567,0.5467012853470437,0.314111142011494,4521,1,0,0,0,1,0,0,0,0,0,0,0,0,0,0,0,0,0,0,0,0,0,1,1,0,0
0.346862186721453,0.4781491002570694,0.34871224086026115,3425,1,0,0,0,1,0,0,0,0,0,0,0,0,0,0,0,1,0,0,0,0,0,0,1,0,0
0.20564370522166842,0.7215084832904884,0.15772588483383781,2376,1,0,0,0,1,0,0,0,0,0,0,0,0,0,0,0,0,1,0,0,0,0,0,0,1,0
0.31097098873746076,0.6648041131105398,0.34048664598379663,3598,1,0,0,0,1,0,0,0,0,0,0,0,0,0,0,0,0,0,1,0,0,0,0,1,0,0
0.26794615971408664,0.87146529562982,0.22435732643840192,2177,1,0,0,0,1,0,0,0,0,0,0,0,0,0,0,0,0,0,0,1,0,0,0,0,1,0
0.40293439576462936,0.8256215938303343,0.32691132210872914,4097,1,0,0,0,1,0,0,0,0,0,0,0,0,0,0,0,0,0,0,0,1,0,0,0,1,0
0.26794615971408664,0.5218508997429306,0.7333278633470995,3214,1,0,0,0,1,0,0,0,0,0,0,0,0,0,0,0,0,0,0,0,0,1,0,1,0,0
0.15060945507033574,0.4704370179948586,0.3397259330741687,2493,1,0,0,0,1,0,0,0,0,0,0,0,0,0,0,0,0,0,0,0,0,0,1,1,0,0
0.13399588255538752,0.4310200514138817,0.4718199159587466,2311,1,0,0,0,1,0,0,0,0,0,0,0,0,0,0,0,1,0,0,0,0,0,0,1,0,0
0.16306994596881938,0.5372750642673522,0.43079501920645474,2298,1,0,0,0,1,0,0,0,0,0,0,0,0,0,0,0,0,1,0,0,0,0,0,1,0,0
0.3911505095219333,0.7363362467866323,0.6735881920864004,2935,1,0,0,0,1,0,0,0,0,0,0,0,0,0,0,0,0,0,1,0,0,0,0,0,1,0
0.3042884274686039,0.4558694087403599,0.8102670679547521,3376,1,0,0,0,1,0,0,0,0,0,0,0,0,0,0,0,0,0,0,1,0,0,0,1,0,0
0.16306994596881938,0.5115681233933161,0.4077056300795367,3292,1,0,0,0,1,0,0,0,0,0,0,0,0,0,0,0,0,0,0,0,1,0,0,1,0,0
0.19733629593964938,0.46272493573264784,0.3718181224079842,3163,1,0,0,0,1,0,0,0,0,0,0,0,0,0,0,0,0,0,0,0,0,1,0,0,1,0
0.1423020457883167,0.8547557840616966,0.4128265267394711,1301,1,0,0,0,1,0,0,0,0,0,0,0,0,0,0,0,0,0,0,0,0,0,1,0,1,0
0.12880359599798938,0.8187660668380463,0.3654025707148619,1977,1,0,0,0,1,0,0,0,0,0,0,0,0,0,0,0,1,0,0,0,0,0,0,0,1,0
0.19837425483149307,0.9370179948586118,0.18206869794193142,2432,1,0,0,0,1,0,0,0,0,0,0,0,0,0,0,0,0,1,0,0,0,0,0,0,1,0
0.3530924321706948,0.8594683804627249,0.20899051335339772,4339,1,0,0,0,1,0,0,0,0,0,0,0,0,0,0,0,0,0,1,0,0,0,0,1,0,0
0.2928671415110539,0.6619537275064268,0.2858946715668398,4270,1,0,0,0,1,0,0,0,0,0,0,0,0,0,0,0,0,0,0,1,0,0,0,1,0,0
0.3520544732788511,0.7913449871465295,0.1051476349971643,4075,1,0,0,0,1,0,0,0,0,0,0,0,0,0,0,0,0,0,0,0,1,0,0,0,1,0
0.4558914820831848,0.7622107969151671,0.6602643776286083,3456,1,0,0,0,1,0,0,0,0,0,0,0,0,0,0,0,0,0,0,0,0,1,0,0,1,0
0.31986404109170846,0.5586971722365038,0.38847340586837437,4023,1,0,0,0,1,0,0,0,0,0,0,0,0,0,0,0,0,0,0,0,0,0,1,1,0,0
0.27832948677979297,0.32005141388174807,0.44871403441102364,3243,1,0,0,0,1,0,0,0,0,0,0,0,0,0,0,0,1,0,0,0,0,0,0,1,0,0
0.26171591426484475,0.41216760925449875,0.39870489142524,3624,1,0,0,0,1,0,0,0,0,0,0,0,0,0,0,0,0,1,0,0,0,0,0,1,0,0
0.4122797639384921,0.42844935732647815,0.4935878498686687,4509,1,0,0,0,1,0,0,0,0,0,0,0,0,0,0,0,0,0,1,0,0,0,0,1,0,0
0.5109257322345174,0.5222796915167095,0.3436098981737324,4579,1,0,0,0,0,1,0,0,0,0,0,0,0,0,0,0,0,0,0,1,0,0,0,1,0,0
0.4237022959451319,0.6919455012853472,0.3397341792845711,3761,1,0,0,0,0,1,0,0,0,0,0,0,0,0,0,0,0,0,0,0,1,0,0,0,1,0
0.3167489183670876,0.5415598971722365,0.3218172256326029,4151,1,0,0,0,0,1,0,0,0,0,0,0,0,0,0,0,0,0,0,0,0,1,0,1,0,0
0.255485668815603,0.801627763496144,0.20513334843764205,2832,1,0,0,0,0,1,0,0,0,0,0,0,0,0,0,0,0,0,0,0,0,0,1,0,1,0
0.25756158659929035,0.7073696658097687,0.31666334413105873,2947,1,0,0,0,0,1,0,0,0,0,0,0,0,0,0,0,1,0,0,0,0,0,0,0,1,0
0.27846530613058645,0.6397676092544987,0.2709051226077486,3784,1,0,0,0,0,1,0,0,0,0,0,0,0,0,0,0,0,1,0,0,0,0,0,1,0,0
0.36763008690195564,0.5102827763496144,0.25766789335918244,4375,1,0,0,0,0,1,0,0,0,0,0,0,0,0,0,0,0,0,1,0,0,0,0,1,0,0
0.24614030064174022,0.7433593830334191,0.22951120793994614,2802,1,0,0,0,0,1,0,0,0,0,0,0,0,0,0,0,0,0,0,1,0,0,0,0,1,0
0.2565236277074467,0.5779773778920309,0.3538558145988022,3830,1,0,0,0,0,1,0,0,0,0,0,0,0,0,0,0,0,0,0,0,1,0,0,1,0,0
0.27625232294701574,0.5552699228791774,0.19489361667037397,3831,1,0,0,0,0,1,0,0,0,0,0,0,0,0,0,0,0,0,0,0,0,1,0,0,1,0
0.20564370522166842,0.7519280205655527,0.5512680300813508,2169,1,0,0,0,0,1,0,0,0,0,0,0,0,0,0,0,0,0,0,0,0,0,1,0,0,1
0.08519187785329667,0.4777203084832905,0.7974503954367119,1529,1,0,0,0,0,1,0,0,0,0,0,0,0,0,0,0,1,0,0,0,0,0,0,1,0,0
0.20356654138889121,0.42287917737789205,0.2987010363218768,3422,1,0,0,0,0,1,0,0,0,0,0,0,0,0,0,0,0,1,0,0,0,0,0,1,0,0
0.324018368757263,0.5231362467866324,0.24488626723535278,3922,1,0,0,0,0,1,0,0,0,0,0,0,0,0,0,0,0,0,1,0,0,0,0,0,1,0
0.36036063651178035,0.5462724935732648,0.32821628490492016,4169,1,0,0,0,0,1,0,0,0,0,0,0,0,0,0,0,0,0,0,1,0,0,0,1,0,0
0.3209032460326421,0.7742077120822622,0.14231577914422064,3005,1,0,0,0,0,1,0,0,0,0,0,0,0,0,0,0,0,0,0,0,1,0,0,0,1,0
0.35413039106253846,0.6525275064267352,0.3782006892594965,4154,1,0,0,0,0,1,0,0,0,0,0,0,0,0,0,0,0,0,0,0,0,1,0,1,0,0
0.358284718728093,0.5496997429305913,0.3474485091160825,4318,1,0,0,0,0,1,0,0,0,0,0,0,0,0,0,0,0,0,0,0,0,0,1,1,0,0
0.2752143640551721,0.5304195372750643,0.4756420344802919,2689,1,0,0,0,0,1,0,0,0,0,0,0,0,0,0,0,1,0,0,0,0,0,0,0,1,0
0.2752143640551721,0.5221861182519281,0.4261049870400495,3129,1,0,0,0,0,1,0,0,0,0,0,0,0,0,0,0,0,1,0,0,0,0,0,1,0,0
0.28496594423232546,0.6111547557840618,0.37793474897401685,3777,1,0,0,0,0,1,0,0,0,0,0,0,0,0,0,0,0,0,1,0,0,0,0,1,0,0
0.4195479682795776,0.5839763496143959,0.4372126324521776,4773,1,0,0,0,0,1,0,0,0,0,0,0,0,0,0,0,0,0,0,1,0,0,0,1,0,0
0.49223499588679204,0.5702652956298201,0.34741552427447264,5062,1,0,0,0,0,1,0,0,0,0,0,0,0,0,0,0,0,0,0,0,1,0,0,1,0,0
0.4340856230108384,0.7583547557840618,0.44359519930369,3487,1,0,0,0,0,1,0,0,0,0,0,0,0,0,0,0,0,0,0,0,0,1,0,0,1,0
0.2887128138454994,0.40702622107969155,0.8230754942623898,2732,1,0,0,0,0,1,0,0,0,0,0,0,0,0,0,0,0,0,0,0,0,0,1,1,0,0
0.2741764051633284,0.42159383033419023,0.37692871130491534,3389,1,0,0,0,0,1,0,0,0,0,0,0,0,0,0,0,1,0,0,0,0,0,0,1,0,0
0.38320570052506026,0.5047125964010283,0.5064024608341082,4322,1,0,0,0,0,1,0,0,0,0,0,0,0,0,0,0,0,1,0,0,0,0,0,1,0,0
0.3738603323511975,0.40702622107969155,0.35257765198641927,4363,1,0,0,0,0,1,0,0,0,0,0,0,0,0,0,0,0,0,1,0,0,0,0,1,0,0
0.3553951308887346,0.8275403598971722,0.3230974497975864,1834,1,0,0,0,0,1,0,0,0,0,0,0,0,0,0,0,0,0,0,1,0,0,0,0,1,0
0.5316923863659303,0.6328195372750642,0.42178397278915497,4990,1,0,0,0,0,0,1,0,0,0,0,0,0,0,0,0,0,0,0,0,1,0,0,1,0,0
0.36659088196102213,0.6756637532133676,0.2525655506726537,3194,1,0,0,0,0,0,1,0,0,0,0,0,0,0,0,0,0,0,0,0,0,1,0,0,1,0
0.4423930322928575,0.6388174807197944,0.28591116398764466,4066,1,0,0,0,0,0,1,0,0,0,0,0,0,0,0,0,0,0,0,0,0,0,1,0,1,0
0.3323245319901921,0.4147383033419023,0.6435740477740076,3423,1,0,0,0,0,0,1,0,0,0,0,0,0,0,0,0,1,0,0,0,0,0,0,1,0,0
0.22952548207770218,0.5205655526992288,0.4256411377049106,3333,1,0,0,0,0,0,1,0,0,0,0,0,0,0,0,0,0,1,0,0,0,0,0,1,0,0
0.2482162184254276,0.4695804627249357,0.367952711281826,3956,1,0,0,0,0,0,1,0,0,0,0,0,0,0,0,0,0,0,1,0,0,0,0,1,0,0
0.4299325413943738,0.5278488431876607,0.6666799293217306,4916,1,0,0,0,0,0,1,0,0,0,0,0,0,0,0,0,0,0,0,1,0,0,0,1,0,0
0.5836115137926421,0.583547557840617,0.8641436836192947,5382,1,0,0,0,0,0,1,0,0,0,0,0,0,0,0,0,0,0,0,0,1,0,0,1,0,0
0.43823870462730297,0.41859434447300775,0.8089703513689636,4569,1,0,0,0,0,0,1,0,0,0,0,0,0,0,0,0,0,0,0,0,0,1,0,0,1,0
0.28455973222903486,0.3603259640102828,0.4192338322221908,4118,1,0,0,0,0,0,1,0,0,0,0,0,0,0,0,0,0,0,0,0,0,0,1,1,0,0
0.3770651706102875,0.49044421593830334,0.4127131413464371,4911,1,0,0,0,0,0,1,0,0,0,0,0,0,0,0,0,1,0,0,0,0,0,0,1,0,0
0.5078106095098965,0.5029994858611825,0.38204960796484966,5298,1,0,0,0,0,0,1,0,0,0,0,0,0,0,0,0,0,1,0,0,0,0,0,1,0,0
0.6303383546619556,0.6349614395886889,0.4423232213491089,5847,1,0,0,0,0,0,1,0,0,0,0,0,0,0,0,0,0,0,1,0,0,0,0,1,0,0
0.6396837228358184,0.5214221079691517,0.19104469796502077,6312,1,0,0,0,0,0,1,0,0,0,0,0,0,0,0,0,0,0,0,1,0,0,0,1,0,0
0.620992986488093,0.595972236503856,0.2628300210711291,6192,1,0,0,0,0,0,1,0,0,0,0,0,0,0,0,0,0,0,0,0,1,0,0,1,0,0
0.46938993187351213,0.8658951156812339,0.18718959460186574,4378,1,0,0,0,0,0,1,0,0,0,0,0,0,0,0,0,0,0,0,0,0,1,0,0,1,0
0.5669979412776938,0.7772061696658097,0.1820604517315289,7836,1,0,0,0,0,0,1,0,0,0,0,0,0,0,0,0,0,0,0,0,0,0,1,0,1,0
0.515078813850982,0.8329048843187661,0.2154143112569224,5892,1,0,0,0,0,0,1,0,0,0,0,0,0,0,0,0,1,0,0,0,0,0,0,0,1,0
0.6054173728649883,0.7493573264781491,0.2884633661072094,6153,1,0,0,0,0,0,1,0,0,0,0,0,0,0,0,0,0,1,0,0,0,0,0,1,0,0
0.6251460681045575,0.8307629820051414,0.20384487806225604,6093,1,0,0,0,0,0,1,0,0,0,0,0,0,0,0,0,0,0,1,0,0,0,0,1,0,0
0.5888038003500401,0.8444730077120822,0.13846747890464758,6230,0,1,0,0,0,0,1,0,0,0,0,0,0,0,0,0,0,0,0,1,0,0,0,0,1,0
0.6168399048716283,0.8547557840616966,0.196198579466565,6871,0,1,0,0,0,0,1,0,0,0,0,0,0,0,0,0,0,0,0,0,1,0,0,1,0,0
0.6760272366394257,0.7137964010282777,0.19359690008458547,8362,0,1,0,0,0,0,1,0,0,0,0,0,0,0,0,0,0,0,0,0,0,1,0,0,1,0
0.5524602865464329,0.910454498714653,0.3512706276376277,3372,0,1,0,0,0,0,1,0,0,0,0,0,0,0,0,0,0,0,0,0,0,0,1,0,1,0
0.4714670957062893,0.9057408740359897,0.40897760803411787,4996,0,1,0,0,0,0,1,0,0,0,0,0,0,0,0,0,1,0,0,0,0,0,0,0,1,0
0.48185042277199575,0.4914313624678663,0.7512901711562815,5558,0,1,0,0,0,0,1,0,0,0,0,0,0,0,0,0,0,1,0,0,0,0,0,1,0,0
0.3292094092655712,0.2982005141388175,0.33974448704757426,5102,0,1,0,0,0,0,1,0,0,0,0,0,0,0,0,0,0,0,1,0,0,0,0,1,0,0
0.529616468582243,0.4948586118251928,0.555133441207509,5698,0,1,0,0,0,0,1,0,0,0,0,0,0,0,0,0,0,0,0,1,0,0,0,1,0,0
0.5420769594807265,0.45158560411311055,0.6128136214201911,6133,0,1,0,0,0,0,1,0,0,0,0,0,0,0,0,0,0,0,0,0,1,0,0,1,0,0
0.3873587821415248,0.5972575835475579,0.23847071554223057,5459,0,1,0,0,0,0,1,0,0,0,0,0,0,0,0,0,0,0,0,0,0,1,0,0,1,0
0.4548535231913411,0.7592113110539845,0.4704984607417508,6235,0,1,0,0,0,0,1,0,0,0,0,0,0,0,0,0,0,0,0,0,0,0,1,0,1,0
0.45692944097502847,0.6953727506426736,0.3089758144833553,6041,0,1,0,0,0,0,0,1,0,0,0,0,0,0,0,0,1,0,0,0,0,0,0,0,1,0
0.4669975176210032,0.5186097686375322,0.5973292998369517,5936,0,1,0,0,0,0,0,1,0,0,0,0,0,0,0,0,0,1,0,0,0,0,0,1,0,0
0.5078106095098965,0.4078838046272493,0.16026777919039942,6772,0,1,0,0,0,0,0,1,0,0,0,0,0,0,0,0,0,0,1,0,0,0,0,1,0,0
0.6012642912485238,0.4828616966580977,0.3269278145295341,6436,0,1,0,0,0,0,0,1,0,0,0,0,0,0,0,0,0,0,0,1,0,0,0,1,0,0
0.4683519729816684,0.3847475578406169,0.4064089134937482,6457,0,1,0,0,0,0,0,1,0,0,0,0,0,0,0,0,0,0,0,0,1,0,0,1,0,0
0.4288933364534403,0.38774601542416454,0.5731039952270933,6460,0,1,0,0,0,0,0,1,0,0,0,0,0,0,0,0,0,0,0,0,0,1,0,1,0,0
0.4714670957062893,0.2613542416452442,0.5204993575171319,6857,0,1,0,0,0,0,0,1,0,0,0,0,0,0,0,0,0,0,0,0,0,0,1,1,0,0
0.549345163821812,0.2836329048843188,0.4333472213260195,5169,0,1,0,0,0,0,0,1,0,0,0,0,0,0,0,0,1,0,0,0,0,0,0,1,0,0
0.5358467140314846,0.3264781491002571,0.6922782279636003,5585,0,1,0,0,0,0,0,1,0,0,0,0,0,0,0,0,0,1,0,0,0,0,0,1,0,0
0.48288962771292926,0.4473007712082262,0.46793801241178357,5918,0,1,0,0,0,0,0,1,0,0,0,0,0,0,0,0,0,0,1,0,0,0,0,1,0,0
0.3608129523313952,0.48284318766066836,0.5625612152275346,4862,0,1,0,0,0,0,0,1,0,0,0,0,0,0,0,0,0,0,0,1,0,0,0,1,0,0
0.42162513211235475,0.4794344473007712,0.5525729928775418,5409,0,1,0,0,0,0,0,1,0,0,0,0,0,0,0,0,0,0,0,0,1,0,0,1,0,0
0.4776973411555311,0.4198796915167095,0.27434997700338076,6398,0,1,0,0,0,0,0,1,0,0,0,0,0,0,0,0,0,0,0,0,0,1,0,1,0,0
0.5431149183725703,0.5171383033419023,0.3474237704848751,7460,0,1,0,0,0,0,0,1,0,0,0,0,0,0,0,0,0,0,0,0,0,0,1,1,0,0
0.6822574820886673,0.5222796915167095,0.4179536080572072,7132,0,1,0,0,0,0,0,1,0,0,0,0,0,0,0,0,1,0,0,0,0,0,0,1,0,0
0.7539053047549482,0.5775496143958869,0.5410282983140828,6370,0,1,0,0,0,0,0,1,0,0,0,0,0,0,0,0,0,1,0,0,0,0,0,1,0,0
0.6843333998723548,0.4014570694087404,0.5179389091871648,6691,0,1,0,0,0,0,0,1,0,0,0,0,0,0,0,0,0,0,1,0,0,0,0,1,0,0
0.5036562818443421,0.5852616966580977,0.2999977529076653,4367,0,1,0,0,0,0,0,1,0,0,0,0,0,0,0,0,0,0,0,1,0,0,0,0,1,0
0.5472679999890349,0.6298200514138818,0.08975484634939235,6565,0,1,0,0,0,0,0,1,0,0,0,0,0,0,0,0,0,0,0,0,1,0,0,1,0,0
0.5825735549007983,0.7142241645244215,0.26280528243992174,7290,0,1,0,0,0,0,0,1,0,0,0,0,0,0,0,0,0,0,0,0,0,1,0,1,0,0
0.6365686001111975,0.7022282776349615,0.5384678499841157,6624,0,1,0,0,0,0,0,1,0,0,0,0,0,0,0,0,0,0,0,0,0,0,1,1,0,0
0.4205871732205111,0.8590406169665811,0.664138034965169,1027,0,1,0,0,0,0,0,1,0,0,0,0,0,0,0,0,1,0,0,0,0,0,0,0,0,1
0.3271334914818838,0.788346529562982,0.579511300709813,3214,0,1,0,0,0,0,0,1,0,0,0,0,0,0,0,0,0,1,0,0,0,0,0,0,1,0
0.44135382735192397,0.46700976863753213,0.4679545048325885,5633,0,1,0,0,0,0,0,1,0,0,0,0,0,0,0,0,0,0,1,0,0,0,0,1,0,0
0.5202711004083802,0.44001748071979435,0.19873428916532473,6196,0,1,0,0,0,0,0,1,0,0,0,0,0,0,0,0,0,0,0,1,0,0,0,1,0,0
0.5472679999890349,0.7780637532133676,0.31796006071684724,5026,0,1,0,0,0,0,0,1,0,0,0,0,0,0,0,0,0,0,0,0,1,0,0,0,1,0
0.4963880775032566,0.41216760925449875,0.6705020478432757,6233,0,1,0,0,0,0,0,1,0,0,0,0,0,0,0,0,0,0,0,0,0,1,0,1,0,0
0.3956661914235438,0.5034272493573265,0.2217886318980323,4220,0,1,0,0,0,0,0,1,0,0,0,0,0,0,0,0,0,0,0,0,0,0,1,0,1,0
0.49742603639510025,0.6036843187660669,0.19485032406576105,6304,0,1,0,0,0,0,0,1,0,0,0,0,0,0,0,0,1,0,0,0,0,0,0,1,0,0
0.5046954867852756,0.5861182519280206,0.3076790978975668,5572,0,1,0,0,0,0,0,1,0,0,0,0,0,0,0,0,0,1,0,0,0,0,0,0,1,0
0.6905636453215966,0.6782344473007711,0.2756384473787668,5740,0,1,0,0,0,0,0,0,1,0,0,0,0,0,0,0,0,0,1,0,0,0,0,0,1,0
0.629300395770112,0.8196226221079691,0.238452161568825,6169,0,1,0,0,0,0,0,0,1,0,0,0,0,0,0,0,0,0,0,1,0,0,0,1,0,0
0.6241081092127139,0.7900596401028277,0.22945966912493068,6421,0,1,0,0,0,0,0,0,1,0,0,0,0,0,0,0,0,0,0,0,1,0,0,0,1,0
0.7082164227774783,0.7562128534704371,0.28974359027219304,6296,0,1,0,0,0,0,0,0,1,0,0,0,0,0,0,0,0,0,0,0,0,1,0,1,0,0
0.7009482184363929,0.7780637532133676,0.2692393881064495,6883,0,1,0,0,0,0,0,0,1,0,0,0,0,0,0,0,0,0,0,0,0,0,1,0,1,0
0.6272232319373348,0.7609254498714653,0.26282177486072666,6359,0,1,0,0,0,0,0,0,1,0,0,0,0,0,0,0,1,0,0,0,0,0,0,0,1,0
0.5960720046911256,0.6829480719794345,0.42948181019986137,6273,0,1,0,0,0,0,0,0,1,0,0,0,0,0,0,0,0,1,0,0,0,0,0,0,1,0
0.6511062548424583,0.705226735218509,0.5641176874410008,5728,0,1,0,0,0,0,0,0,1,0,0,0,0,0,0,0,0,0,1,0,0,0,0,0,1,0
0.6427988455604392,0.7652102827763497,0.39998305403762296,4717,0,1,0,0,0,0,0,0,1,0,0,0,0,0,0,0,0,0,0,1,0,0,0,0,1,0
0.5566133681628974,0.5676946015424165,0.6012957270405401,6572,0,1,0,0,0,0,0,0,1,0,0,0,0,0,0,0,0,0,0,0,1,0,0,1,0,0
0.5908797181337275,0.37060874035989716,0.4422964211653008,7030,0,1,0,0,0,0,0,0,1,0,0,0,0,0,0,0,0,0,0,0,0,1,0,1,0,0
0.629300395770112,0.4940020565552699,0.20768348900460612,7429,0,1,0,0,0,0,0,0,1,0,0,0,0,0,0,0,0,0,0,0,0,0,1,1,0,0
0.689525686429753,0.5925449871465296,0.4179288694259999,6118,0,1,0,0,0,0,0,0,1,0,0,0,0,0,0,0,1,0,0,0,0,0,0,1,0,0
0.6407216817276621,0.8119105398457583,0.39231407836332516,2843,0,1,0,0,0,0,0,0,1,0,0,0,0,0,0,0,0,1,0,0,0,0,0,0,1,0
0.6884877275379092,0.8170519280205655,0.25769469354299046,5115,0,1,0,0,0,0,0,0,1,0,0,0,0,0,0,0,0,0,1,0,0,0,0,0,1,0
0.7196389547841183,0.7176524421593831,0.2064032648396225,7424,0,1,0,0,0,0,0,0,1,0,0,0,0,0,0,0,0,0,0,1,0,0,0,1,0,0
0.6656426635246293,0.5347043701799485,0.4269131156594917,7384,0,1,0,0,0,0,0,0,1,0,0,0,0,0,0,0,0,0,0,0,1,0,0,1,0,0
0.629300395770112,0.5381316195372751,0.23589377479145845,7639,0,1,0,0,0,0,0,0,1,0,0,0,0,0,0,0,0,0,0,0,0,1,0,1,0,0
0.6739500728066484,0.4691516709511568,0.1269572122696189,8294,0,1,0,0,0,0,0,0,1,0,0,0,0,0,0,0,0,0,0,0,0,0,1,1,0,0
0.6999090134954594,0.5454159383033419,0.47822928299406714,7129,0,1,0,0,0,0,0,0,1,0,0,0,0,0,0,0,1,0,0,0,0,0,0,1,0,0
0.6718729089738711,0.8341902313624678,0.434600645307195,4359,0,1,0,0,0,0,0,0,1,0,0,0,0,0,0,0,0,1,0,0,0,0,0,0,1,0
0.6926408091543738,0.7874889460154241,0.1974458187899387,6073,0,1,0,0,0,0,0,0,1,0,0,0,0,0,0,0,0,0,1,0,0,0,0,0,1,0
0.7009482184363929,0.7964863753213367,0.16411669789575262,5260,0,1,0,0,0,0,0,0,1,0,0,0,0,0,0,0,0,0,0,1,0,0,0,0,1,0
0.7424827727483083,0.7369326478149101,0.3102725310691439,6770,0,1,0,0,0,0,0,0,1,0,0,0,0,0,0,0,0,0,0,0,1,0,0,1,0,0
0.7736339999945174,0.7682087403598971,0.24358955064956428,6734,0,1,0,0,0,0,0,0,1,0,0,0,0,0,0,0,0,0,0,0,0,1,0,1,0,0
0.789209613617622,0.7532133676092545,0.36407080773486294,6536,0,1,0,0,0,0,0,0,1,0,0,0,0,0,0,0,0,0,0,0,0,0,1,1,0,0
0.7860944908930011,0.7167948586118251,0.3974246672602564,6591,0,1,0,0,0,0,0,0,1,0,0,0,0,0,0,0,1,0,0,0,0,0,0,1,0,0
0.8141305954145892,0.6953727506426736,0.3589767112587366,6043,0,1,0,0,0,0,0,0,1,0,0,0,0,0,0,0,0,1,0,0,0,0,0,1,0,0
0.8265910863130729,0.7039413881748071,0.5628209708552123,5743,0,1,0,0,0,0,0,0,1,0,0,0,0,0,0,0,0,0,1,0,0,0,0,1,0,0
0.7445599365810854,0.6889460154241646,0.23076463192112168,6855,0,1,0,0,0,0,0,0,1,0,0,0,0,0,0,0,0,0,0,1,0,0,0,0,1,0
0.7736339999945174,0.5068555269922879,0.3564162629287694,7338,0,1,0,0,0,0,0,0,1,0,0,0,0,0,0,0,0,0,0,0,1,0,0,1,0,0
0.7414448138564645,0.7767784061696659,0.4435869530932875,4127,0,1,0,0,0,0,0,0,0,1,0,0,0,0,0,0,0,0,0,0,0,1,0,0,1,0
0.6531821726261458,0.5646961439588689,0.3384457089091851,8120,0,1,0,0,0,0,0,0,0,1,0,0,0,0,0,0,0,0,0,0,0,0,1,1,0,0
0.6770651955312693,0.5072832904884319,0.3333433662226563,7641,0,1,0,0,0,0,0,0,0,1,0,0,0,0,0,0,1,0,0,0,0,0,0,1,0,0
0.6708349500820274,0.5008565552699229,0.5410365445244852,6998,0,1,0,0,0,0,0,0,0,1,0,0,0,0,0,0,0,1,0,0,0,0,0,1,0,0
0.6002250863075903,0.6306766066838047,0.3858882189071998,7001,0,1,0,0,0,0,0,0,0,1,0,0,0,0,0,0,0,0,1,0,0,0,0,0,1,0
0.6168399048716283,0.62853470437018,0.11283557695538778,7055,0,1,0,0,0,0,0,0,0,1,0,0,0,0,0,0,0,0,0,1,0,0,0,1,0,0
0.6770651955312693,0.5831187660668381,0.2782236343399414,7494,0,1,0,0,0,0,0,0,0,1,0,0,0,0,0,0,0,0,0,0,1,0,0,1,0,0
0.7352145684072228,0.4811485861182519,0.3153996123868801,7736,0,1,0,0,0,0,0,0,0,1,0,0,0,0,0,0,0,0,0,0,0,1,0,1,0,0
0.8120534315818121,0.4494426735218509,0.25129357271807257,7498,0,1,0,0,0,0,0,0,0,1,0,0,0,0,0,0,0,0,0,0,0,0,1,1,0,0
0.8317833728704709,0.5535557840616967,0.22951120793994614,6598,0,1,0,0,0,0,0,0,0,1,0,0,0,0,0,0,1,0,0,0,0,0,0,1,0,0
0.8245139224802958,0.6045419023136247,0.38204960796484966,6664,0,1,0,0,0,0,0,0,0,1,0,0,0,0,0,0,0,1,0,0,0,0,0,0,1,0
0.7404056089155312,0.8568976863753213,0.39613619688487034,4972,0,1,0,0,0,0,0,0,0,1,0,0,0,0,0,0,0,0,1,0,0,0,0,0,1,0
0.7435207316401522,0.5985429305912596,0.6615260478201863,7421,0,1,0,0,0,0,0,0,0,1,0,0,0,0,0,0,0,0,0,1,0,0,0,1,0,0
0.7341753634662894,0.5856894601542416,0.4769222586452753,7363,0,1,0,0,0,0,0,0,0,1,0,0,0,0,0,0,0,0,0,0,1,0,0,1,0,0
0.7227540775087392,0.6062550128534705,0.31794356829604226,7665,0,1,0,0,0,0,0,0,0,1,0,0,0,0,0,0,0,0,0,0,0,1,0,1,0,0
0.7134087093348765,0.5184236503856041,0.2974311199198963,7702,0,1,0,0,0,0,0,0,0,1,0,0,0,0,0,0,0,0,0,0,0,0,1,1,0,0
0.6646047046327856,0.615681233933162,0.2525655506726537,6978,0,1,0,0,0,0,0,0,0,1,0,0,0,0,0,0,1,0,0,0,0,0,0,1,0,0
0.6344914362784202,0.7999146529562983,0.3140864033802866,5099,0,1,0,0,0,0,0,0,0,1,0,0,0,0,0,0,0,1,0,0,0,0,0,0,1,0
0.784017327060224,0.7095115681233933,0.25898316391837656,6825,0,1,0,0,0,0,0,0,0,1,0,0,0,0,0,0,0,0,1,0,0,0,0,1,0,0
0.9013540317039748,0.608825706940874,0.1884677572142487,6211,0,1,0,0,0,0,0,0,0,1,0,0,0,0,0,0,0,0,0,1,0,0,0,1,0,0
0.9304280951174068,0.5839763496143959,0.19872398140232164,5905,0,0,1,0,0,0,0,0,0,1,0,0,0,0,0,0,0,0,0,0,1,0,0,1,0,0
0.8951237862547329,0.589974293059126,0.3307767332348873,5823,0,0,1,0,0,0,0,0,0,1,0,0,0,0,0,0,0,0,0,0,0,1,0,1,0,0
0.8380136183197127,0.5496997429305913,0.3243426275683596,7458,0,0,1,0,0,0,0,0,0,1,0,0,0,0,0,0,0,0,0,0,0,0,1,1,0,0
0.8525500270018839,0.4927167095115681,0.25384577483763726,6891,0,0,1,0,0,0,0,0,0,1,0,0,0,0,0,0,1,0,0,0,0,0,0,1,0,0
0.8182836770310539,0.5184236503856041,0.5730936874640902,6779,0,0,1,0,0,0,0,0,0,1,0,0,0,0,0,0,0,1,0,0,0,0,0,1,0,0
0.7123695043939429,0.38388997429305916,0.6705206018166814,7442,0,0,1,0,0,0,0,0,0,1,0,0,0,0,0,0,0,0,1,0,0,0,0,1,0,0
0.7954398590668638,0.37017994858611825,0.5141167906656197,7335,0,0,1,0,0,0,0,0,0,1,0,0,0,0,0,0,0,0,0,1,0,0,0,1,0,0
0.8598194773920591,0.43444730077120824,0.30770383652877425,6879,0,0,1,0,0,0,0,0,0,1,0,0,0,0,0,0,0,0,0,0,1,0,0,1,0,0
0.96573365002917,0.5025706940874036,0.2948541791691242,5463,0,0,1,0,0,0,0,0,0,1,0,0,0,0,0,0,0,0,0,0,0,1,0,1,0,0
0.8795481726316283,0.6182519280205655,0.2858946715668398,5687,0,0,1,0,0,0,0,0,0,1,0,0,0,0,0,0,0,0,0,0,0,0,1,1,0,0
0.9428885860158903,0.5334190231362468,0.3012697308622464,5531,0,0,1,0,0,0,0,0,0,0,1,0,0,0,0,0,1,0,0,0,0,0,0,1,0,0
0.900316072812131,0.4597254498714653,0.356391524297562,6227,0,0,1,0,0,0,0,0,0,0,1,0,0,0,0,0,0,1,0,0,0,0,0,1,0,0
0.8992768678711974,0.50599794344473,0.21408254827692338,6660,0,0,1,0,0,0,0,0,0,0,1,0,0,0,0,0,0,0,1,0,0,0,0,1,0,0
0.9096614409859937,0.5539845758354756,0.23204485608610528,7403,0,0,1,0,0,0,0,0,0,0,1,0,0,0,0,0,0,0,0,1,0,0,0,1,0,0
0.9574262407471511,0.4708658097686375,0.35383932217799735,6241,0,0,1,0,0,0,0,0,0,0,1,0,0,0,0,0,0,0,0,0,1,0,0,1,0,0
0.9584641996389949,0.46358149100257073,0.2551177527922184,6207,0,0,1,0,0,0,0,0,0,0,1,0,0,0,0,0,0,0,0,0,0,1,0,1,0,0
1.0,0.50599794344473,0.2910135066741734,4840,0,0,1,0,0,0,0,0,0,0,1,0,0,0,0,0,0,0,0,0,0,0,1,1,0,0
0.9511959952979091,0.589974293059126,0.21282912429574782,4672,0,0,1,0,0,0,0,0,0,0,1,0,0,0,0,0,1,0,0,0,0,0,0,1,0,0
0.8120534315818121,0.7026560411311054,0.3269278145295341,6569,0,0,1,0,0,0,0,0,0,0,1,0,0,0,0,0,0,1,0,0,0,0,0,0,1,0
0.8245139224802958,0.6863753213367609,0.2666521395926743,6290,0,0,1,0,0,0,0,0,0,0,1,0,0,0,0,0,0,0,1,0,0,0,0,0,1,0
0.8193228819719873,0.6512421593830334,0.26664389338227185,7264,0,0,1,0,0,0,0,0,0,0,1,0,0,0,0,0,0,0,0,1,0,0,0,1,0,0
0.8182836770310539,0.5445583547557841,0.2564227155884094,7446,0,0,1,0,0,0,0,0,0,0,1,0,0,0,0,0,0,0,0,0,1,0,0,1,0,0
0.8380136183197127,0.4995712082262211,0.12051486039268865,7499,0,0,1,0,0,0,0,0,0,0,1,0,0,0,0,0,0,0,0,0,0,1,0,0,1,0
0.8027080634079493,0.7189377892030849,0.250040148736897,6969,0,0,1,0,0,0,0,0,0,0,1,0,0,0,0,0,0,0,0,0,0,0,1,0,1,0
0.8556651497265048,0.7382179948586118,0.2974311199198963,6031,0,0,1,0,0,0,0,0,0,0,1,0,0,0,0,0,1,0,0,0,0,0,0,1,0,0
0.8774710087988512,0.6632390745501285,0.29231846947036444,6830,0,0,1,0,0,0,0,0,0,0,1,0,0,0,0,0,0,1,0,0,0,0,0,1,0,0
0.9460037087405112,0.5201367609254499,0.18973973516882978,6786,0,0,1,0,0,0,0,0,0,0,1,0,0,0,0,0,0,0,1,0,0,0,0,1,0,0
0.9148524814943021,0.5934015424164525,0.23718224516684455,5713,0,0,1,0,0,0,0,0,0,0,1,0,0,0,0,0,0,0,0,1,0,0,0,1,0,0
0.8857784180808702,0.6173953727506427,0.2948789178003316,6591,0,0,1,0,0,0,0,0,0,0,1,0,0,0,0,0,0,0,0,0,1,0,0,1,0,0
0.7559812225386358,0.8680380462724936,0.3846347949260243,5870,0,0,1,0,0,0,0,0,0,0,1,0,0,0,0,0,0,0,0,0,0,1,0,0,1,0
0.6687577862492502,0.8898889460154242,0.39356750234450066,4459,0,0,1,0,0,0,0,0,0,0,1,0,0,0,0,0,0,0,0,0,0,0,1,0,0,1
0.7580583863714129,0.7840616966580977,0.14746100212484226,7410,0,0,1,0,0,0,0,0,0,0,1,0,0,0,0,0,1,0,0,0,0,0,0,0,1,0
0.8504741092181963,0.7137964010282777,0.23974063194421105,6966,0,0,1,0,0,0,0,0,0,0,1,0,0,0,0,0,0,1,0,0,0,0,0,1,0,0
0.8618953951757466,0.6735218508997429,0.3897618762437604,7592,0,0,1,0,0,0,0,0,0,0,1,0,0,0,0,0,0,0,1,0,0,0,0,1,0,0
0.82866825014585,0.46272493573264784,0.29358220121454315,8173,0,0,1,0,0,0,0,0,0,0,1,0,0,0,0,0,0,0,0,1,0,0,0,1,0,0
0.8940858273628891,0.6135393316195372,0.5409953134724729,6861,0,0,1,0,0,0,0,0,0,0,1,0,0,0,0,0,0,0,0,0,1,0,0,1,0,0
0.900316072812131,0.6113964010282776,0.2692393881064495,6904,0,0,1,0,0,0,0,0,0,0,1,0,0,0,0,0,0,0,0,0,0,1,0,1,0,0
0.8681256406249884,0.6306766066838047,0.2782236343399414,6685,0,0,1,0,0,0,0,0,0,0,1,0,0,0,0,0,0,0,0,0,0,0,1,1,0,0
0.8255531274212292,0.6413881748071979,0.30511864956759965,6597,0,0,1,0,0,0,0,0,0,0,1,0,0,0,0,0,1,0,0,0,0,0,0,1,0,0
0.8369744133787794,0.6876606683804627,0.2705278584818356,7105,0,0,1,0,0,0,0,0,0,0,1,0,0,0,0,0,0,1,0,0,0,0,0,1,0,0
0.815168554306433,0.7240791773778921,0.29487067158992913,7216,0,0,1,0,0,0,0,0,0,0,1,0,0,0,0,0,0,0,1,0,0,0,0,1,0,0
0.8203608408638311,0.6966580976863753,0.24488626723535278,7580,0,0,1,0,0,0,0,0,0,0,0,1,0,0,0,0,0,0,0,1,0,0,0,1,0,0
0.8639725590085238,0.6782344473007711,0.2205084077330487,7261,0,0,1,0,0,0,0,0,0,0,0,1,0,0,0,0,0,0,0,0,1,0,0,1,0,0
0.8805861315234721,0.6606683804627249,0.39870489142524,7175,0,0,1,0,0,0,0,0,0,0,0,1,0,0,0,0,0,0,0,0,0,1,0,0,1,0
0.9148524814943021,0.6306766066838047,0.4846015420825762,6824,0,0,1,0,0,0,0,0,0,0,0,1,0,0,0,0,0,0,0,0,0,0,1,1,0,0
0.8847404591890263,0.6709511568123393,0.552556500456737,5464,0,0,1,0,0,0,0,0,0,0,0,1,0,0,0,0,1,0,0,0,0,0,0,1,0,0
0.8639725590085238,0.6726652956298201,0.2205084077330487,7013,0,0,1,0,0,0,0,0,0,0,0,1,0,0,0,0,0,1,0,0,0,0,0,0,1,0
0.8432046588280212,0.7236503856041131,0.19485032406576105,7273,0,0,1,0,0,0,0,0,0,0,0,1,0,0,0,0,0,0,1,0,0,0,0,0,1,0
0.8608574362839029,0.6919455012853472,0.18205220552112647,7534,0,0,1,0,0,0,0,0,0,0,0,1,0,0,0,0,0,0,0,1,0,0,0,0,1,0
0.8681256406249884,0.6379609254498715,0.27564669358916927,7286,0,0,1,0,0,0,0,0,0,0,0,1,0,0,0,0,0,0,0,0,1,0,0,1,0,0
0.8182836770310539,0.7360750642673521,0.4461638938440595,5786,0,0,1,0,0,0,0,0,0,0,0,1,0,0,0,0,0,0,0,0,0,1,0,0,1,0
0.789209613617622,0.7536421593830335,0.3795056520556875,6299,0,0,1,0,0,0,0,0,0,0,0,1,0,0,0,0,0,0,0,0,0,0,1,0,1,0
0.7995929406833285,0.5454159383033419,0.2064032648396225,6544,0,0,1,0,0,0,0,0,0,0,0,1,0,0,0,0,1,0,0,0,0,0,0,1,0,0
0.8245139224802958,0.5608401028277635,0.23464653546808475,6883,0,0,1,0,0,0,0,0,0,0,0,1,0,0,0,0,0,1,0,0,0,0,0,1,0,0
0.8317833728704709,0.7060843187660669,0.30256644744803496,6784,0,0,1,0,0,0,0,0,0,0,0,1,0,0,0,0,0,0,1,0,0,0,0,1,0,0
0.8068623910735037,0.6371033419023137,0.3038301791922136,7347,0,0,1,0,0,0,0,0,0,0,0,1,0,0,0,0,0,0,0,1,0,0,0,1,0,0
0.8224380046966082,0.5338478149100256,0.24615824518993396,7605,0,0,1,0,0,0,0,0,0,0,0,1,0,0,0,0,0,0,0,0,1,0,0,1,0,0
0.8276290452049166,0.5869748071979435,0.4307867729960523,7148,0,0,1,0,0,0,0,0,0,0,0,1,0,0,0,0,0,0,0,0,0,1,0,1,0,0
0.7715568361617403,0.6203938303341903,0.3205205090468144,7865,0,0,1,0,0,0,0,0,0,0,0,1,0,0,0,0,0,0,0,0,0,0,1,1,0,0
0.7185997498431848,0.7317912596401029,0.13205955495614768,4549,0,0,1,0,0,0,0,0,0,0,0,1,0,0,0,0,1,0,0,0,0,0,0,0,1,0
0.7185997498431848,0.7549275064267352,0.2217968781084347,6530,0,0,1,0,0,0,0,0,0,0,0,1,0,0,0,0,0,1,0,0,0,0,0,0,1,0
0.7352145684072228,0.6928020565552699,0.10385916462177824,7006,0,0,1,0,0,0,0,0,0,0,0,1,0,0,0,0,0,0,1,0,0,0,0,1,0,0
0.7580583863714129,0.6962293059125964,0.09873105252774175,7375,0,0,1,0,0,0,0,0,0,0,0,1,0,0,0,0,0,0,0,1,0,0,0,1,0,0
0.7933626952340868,0.653812853470437,0.12823702412408233,7765,0,0,1,0,0,0,0,0,0,0,0,1,0,0,0,0,0,0,0,0,1,0,0,1,0,0
0.8016701045161055,0.6323907455012854,0.10257069424639219,7582,0,0,1,0,0,0,0,0,0,0,0,1,0,0,0,0,0,0,0,0,0,1,0,0,1,0
0.7507901820303273,0.7330766066838047,0.45769828064451545,6053,0,0,1,0,0,0,0,0,0,0,0,1,0,0,0,0,0,0,0,0,0,0,1,0,1,0
0.7404056089155312,0.8697511568123393,0.4256411377049106,5255,0,0,1,0,0,0,0,0,0,0,0,1,0,0,0,0,1,0,0,0,0,0,0,0,1,0
0.8027080634079493,0.7510714652956298,0.21922818356806514,6917,0,0,1,0,0,0,0,0,0,0,0,1,0,0,0,0,0,1,0,0,0,0,0,1,0,0
0.8338592906541585,0.6375321336760925,0.3474402629056801,7040,0,0,1,0,0,0,0,0,0,0,0,1,0,0,0,0,0,0,1,0,0,0,0,1,0,0
0.7798642454437593,0.5676946015424165,0.18589081646347658,7697,0,0,1,0,0,0,0,0,0,0,0,1,0,0,0,0,0,0,0,1,0,0,0,1,0,0
0.8068623910735037,0.6071125964010282,0.11281846606880268,7713,0,0,1,0,0,0,0,0,0,0,0,1,0,0,0,0,0,0,0,0,1,0,0,1,0,0
0.8785102137397846,0.6041131105398457,0.30127797707264886,7350,0,0,1,0,0,0,0,0,0,0,0,1,0,0,0,0,0,0,0,0,0,1,0,1,0,0
0.8650105179003675,0.6563835475578407,0.18717928683886262,6140,0,0,1,0,0,0,0,0,0,0,0,0,1,0,0,0,0,0,0,0,0,0,1,0,1,0
0.79440190017502,0.8380462724935732,0.08592365699640443,5810,0,0,1,0,0,0,0,0,0,0,0,0,1,0,0,0,1,0,0,0,0,0,0,0,1,0
0.8079003499653474,0.8131958868894601,0.2653822231906938,6034,0,0,1,0,0,0,0,0,0,0,0,0,1,0,0,0,0,1,0,0,0,0,0,1,0,0
0.8307441679295375,0.7763496143958869,0.4410265047633204,6864,0,0,1,0,0,0,0,0,0,0,0,0,1,0,0,0,0,0,1,0,0,0,0,1,0,0
0.8442438637689545,0.7622107969151671,0.3410144034495547,7112,0,0,1,0,0,0,0,0,0,0,0,0,1,0,0,0,0,0,0,1,0,0,0,1,0,0
0.79440190017502,0.833333676092545,0.24744671556532002,6203,0,0,1,0,0,0,0,0,0,0,0,0,1,0,0,0,0,0,0,0,1,0,0,0,1,0
0.8027080634079493,0.7570694087403599,0.30769559031837174,7504,0,0,1,0,0,0,0,0,0,0,0,0,1,0,0,0,0,0,0,0,0,1,0,1,0,0
0.7476750593057064,0.8217655526992289,0.5333490148767819,5976,0,0,1,0,0,0,0,0,0,0,0,0,1,0,0,0,0,0,0,0,0,0,1,0,1,0
0.6864105637051321,0.5629820051413882,0.4166486452610163,8227,0,0,1,0,0,0,0,0,0,0,0,0,1,0,0,0,1,0,0,0,0,0,0,1,0,0
0.6531821726261458,0.5179948586118251,0.48718879059635145,7525,0,0,1,0,0,0,0,0,0,0,0,0,1,0,0,0,0,1,0,0,0,0,0,1,0,0
0.6459139682850601,0.5347043701799485,0.14361290804052929,7767,0,0,1,0,0,0,0,0,0,0,0,0,1,0,0,0,0,0,1,0,0,0,0,1,0,0
0.6729121139148048,0.5934015424164525,0.22564579681378802,7870,0,0,1,0,0,0,0,0,0,0,0,0,1,0,0,0,0,0,0,1,0,0,0,1,0,0
0.689525686429753,0.6550982005141388,0.12437161299792421,7804,0,0,1,0,0,0,0,0,0,0,0,0,1,0,0,0,0,0,0,0,1,0,0,1,0,0
0.7154846271185639,0.6915167095115681,0.16795737039070338,8009,0,0,1,0,0,0,0,0,0,0,0,0,1,0,0,0,0,0,0,0,0,1,0,1,0,0
0.6843333998723548,0.5158529562982005,0.4641158938902384,8714,0,0,1,0,0,0,0,0,0,0,0,0,1,0,0,0,0,0,0,0,0,0,1,1,0,0
0.6490290910096811,0.5861182519280206,0.13975594928003365,7333,0,0,1,0,0,0,0,0,0,0,0,0,1,0,0,0,1,0,0,0,0,0,0,1,0,0
0.6500670499015249,0.7553552699228792,0.2666624473556774,6869,0,0,1,0,0,0,0,0,0,0,0,0,1,0,0,0,0,1,0,0,0,0,0,0,1,0
0.7030241362200802,0.897172236503856,0.6910227424298241,4073,0,0,1,0,0,0,0,0,0,0,0,0,1,0,0,0,0,0,1,0,0,0,0,0,1,0
0.6147627410388511,0.5518426735218509,0.39743291347065884,7591,0,0,1,0,0,0,0,0,0,0,0,0,1,0,0,0,0,0,0,1,0,0,0,1,0,0
0.6074945366977657,0.6358179948586118,0.1974458187899387,7720,0,0,1,0,0,0,0,0,0,0,0,0,1,0,0,0,0,0,0,0,1,0,0,1,0,0
0.6729121139148048,0.6876606683804627,0.27178952867341355,8167,0,0,1,0,0,0,0,0,0,0,0,0,1,0,0,0,0,0,0,0,0,1,0,1,0,0
0.7362525272990665,0.6649532133676093,0.5384596037737132,8395,0,0,1,0,0,0,0,0,0,0,0,0,1,0,0,0,0,0,0,0,0,0,1,1,0,0
0.5856886776254192,0.4802910025706941,0.41409644314145155,7907,0,0,0,1,0,0,0,0,0,0,0,0,1,0,0,0,1,0,0,0,0,0,0,1,0,0
0.5669979412776938,0.5068555269922879,0.24741166917110946,7436,0,0,0,1,0,0,0,0,0,0,0,0,1,0,0,0,0,1,0,0,0,0,0,1,0,0
0.6116476183142302,0.5861182519280206,0.4410265047633204,7538,0,0,0,1,0,0,0,0,0,0,0,0,1,0,0,0,0,0,1,0,0,0,0,1,0,0
0.7175617909513411,0.6486714652956298,0.45768178822371064,7733,0,0,0,1,0,0,0,0,0,0,0,0,1,0,0,0,0,0,0,1,0,0,0,1,0,0
0.7362525272990665,0.7103681233933161,0.2307914321049297,7393,0,0,0,1,0,0,0,0,0,0,0,0,1,0,0,0,0,0,0,0,1,0,0,0,1,0
0.697833095711772,0.7095115681233933,0.2923019770495595,7415,0,0,0,1,0,0,0,0,0,0,0,0,1,0,0,0,0,0,0,0,0,1,0,0,1,0
0.6023022501403674,0.5582694087403599,0.423055950743736,8555,0,0,0,1,0,0,0,0,0,0,0,0,1,0,0,0,0,0,0,0,0,0,1,1,0,0
0.5825735549007983,0.5998282776349615,0.23206134850691024,6889,0,0,0,1,0,0,0,0,0,0,0,0,1,0,0,0,1,0,0,0,0,0,0,1,0,0
0.575304104510623,0.6675239074550129,0.1410359672897572,6778,0,0,0,1,0,0,0,0,0,0,0,0,0,1,0,0,0,1,0,0,0,0,0,0,1,0
0.6625275408000084,0.8963156812339332,0.1692190405822814,4639,0,0,0,1,0,0,0,0,0,0,0,0,0,1,0,0,0,0,1,0,0,0,0,0,0,1
0.7455978954729292,0.8161953727506427,0.09102599968293319,7572,0,0,0,1,0,0,0,0,0,0,0,0,0,1,0,0,0,0,0,1,0,0,0,0,1,0
0.7455978954729292,0.7433593830334191,0.19616559462495514,7328,0,0,0,1,0,0,0,0,0,0,0,0,0,1,0,0,0,0,0,0,1,0,0,0,1,0
0.6926408091543738,0.6452442159383034,0.17308445170843953,8156,0,0,0,1,0,0,0,0,0,0,0,0,0,1,0,0,0,0,0,0,0,1,0,1,0,0
0.6168399048716283,0.6829480719794345,0.5063859684133032,7965,0,0,0,1,0,0,0,0,0,0,0,0,0,1,0,0,0,0,0,0,0,0,1,1,0,0
0.44446895007654486,0.7283629820051414,0.24485122084114228,3510,0,0,0,1,0,0,0,0,0,0,0,0,0,1,0,0,1,0,0,0,0,0,0,0,1,0
0.403972354656473,0.7296483290488431,0.34487156836531035,5478,0,0,0,1,0,0,0,0,0,0,0,0,0,1,0,0,0,1,0,0,0,0,0,0,1,0
0.48288962771292926,0.7832051413881749,0.346151792530294,6392,0,0,0,1,0,0,0,0,0,0,0,0,0,1,0,0,0,0,1,0,0,0,0,0,1,0
0.5669979412776938,0.6486714652956298,0.3410412036333628,7691,0,0,0,1,0,0,0,0,0,0,0,0,0,1,0,0,0,0,0,1,0,0,0,1,0,0
0.4683519729816684,0.4764349614395887,0.3282080386945177,7570,0,0,0,1,0,0,0,0,0,0,0,0,0,1,0,0,0,0,0,0,1,0,0,1,0,0
0.4714670957062893,0.5544133676092545,0.43849285661716125,7282,0,0,0,1,0,0,0,0,0,0,0,0,0,1,0,0,0,0,0,0,0,1,0,1,0,0
0.4164328455549567,0.5085686375321337,0.2551177527922184,7109,0,0,0,1,0,0,0,0,0,0,0,0,0,1,0,0,0,0,0,0,0,0,1,1,0,0
0.5763433094515565,0.6585264781491004,0.5282116257960427,6639,0,0,0,1,0,0,0,0,0,0,0,0,0,1,0,0,1,0,0,0,0,0,0,1,0,0
0.6261852730454911,0.7275064267352185,0.5641341798618058,5875,0,0,0,1,0,0,0,0,0,0,0,0,0,1,0,0,0,1,0,0,0,0,0,0,1,0
0.5098865272935839,0.5741213367609255,0.32949650906990374,7534,0,0,0,1,0,0,0,0,0,0,0,0,0,1,0,0,0,0,1,0,0,0,0,1,0,0
0.49431091367047936,0.7125110539845759,0.1628199813099641,7461,0,0,0,1,0,0,0,0,0,0,0,0,0,1,0,0,0,0,0,1,0,0,0,1,0,0
0.5773812683434002,0.7489285347043702,0.4422964211653008,7509,0,0,0,1,0,0,0,0,0,0,0,0,0,1,0,0,0,0,0,0,1,0,0,0,1,0
0.6282611908291784,0.8380462724935732,0.2320531022965077,5424,0,0,0,1,0,0,0,0,0,0,0,0,0,1,0,0,0,0,0,0,0,1,0,0,1,0
0.529616468582243,0.5891177377892031,0.19614704065154956,8090,0,0,0,1,0,0,0,0,0,0,0,0,0,1,0,0,0,0,0,0,0,0,1,1,0,0
0.5046954867852756,0.5244215938303342,0.29616738817571764,6824,0,0,0,1,0,0,0,0,0,0,0,0,0,1,0,0,1,0,0,0,0,0,0,1,0,0
0.5337695501987075,0.5844041131105399,0.1218204416546598,7058,0,0,0,1,0,0,0,0,0,0,0,0,0,1,0,0,0,1,0,0,0,0,0,1,0,0
0.6043794139731447,0.6598118251928021,0.14874947250022827,7466,0,0,0,1,0,0,0,0,0,0,0,0,0,1,0,0,0,0,1,0,0,0,0,1,0,0
0.6583744591835438,0.6542416452442159,0.10387648166362348,7693,0,0,0,1,0,0,0,0,0,0,0,0,0,1,0,0,0,0,0,1,0,0,0,1,0,0
0.6116476183142302,0.8230508997429307,0.2102439373345733,7359,0,0,0,1,0,0,0,0,0,0,0,0,0,1,0,0,0,0,0,0,1,0,0,0,1,0
0.606455331756832,0.8299053984575835,0.22692602097877157,7444,0,0,0,1,0,0,0,0,0,0,0,0,0,1,0,0,0,0,0,0,0,1,0,0,1,0
0.586726636517263,0.7403598971722365,0.4397297881775319,7852,0,0,0,1,0,0,0,0,0,0,0,0,0,1,0,0,0,0,0,0,0,0,1,0,1,0
0.5213090593002239,0.7142241645244215,0.7743527600993914,4459,0,0,0,1,0,0,0,0,0,0,0,0,0,1,0,0,1,0,0,0,0,0,0,0,1,0
0.4745822184309102,0.9048843187660668,0.6922864741740028,22,0,0,0,1,0,0,0,0,0,0,0,0,0,1,0,0,0,1,0,0,0,0,0,0,0,1
0.3227910104037623,0.8487969151670952,0.39296759053772096,1096,0,0,0,1,0,0,0,0,0,0,0,0,0,1,0,0,0,0,1,0,0,0,0,0,1,0
0.3717831685184203,0.6855187660668381,0.2974311199198963,5566,0,0,0,1,0,0,0,0,0,0,0,0,0,1,0,0,0,0,0,1,0,0,0,0,1,0
0.38216649558412663,0.5981151670951157,0.2782153881295389,5986,0,0,0,1,0,0,0,0,0,0,0,0,0,0,1,0,0,0,0,0,1,0,0,0,1,0
0.3686680457937993,0.5368462724935733,0.5025720961021606,5847,0,0,0,1,0,0,0,0,0,0,0,0,0,0,1,0,0,0,0,0,0,1,0,1,0,0
0.35413039106253846,0.5051413881748072,0.51154809612525,5138,0,0,0,1,0,0,0,0,0,0,0,0,0,0,1,0,0,0,0,0,0,0,1,0,1,0
0.3323245319901921,0.5479866323907455,0.32307889582418087,5107,0,0,0,1,0,0,0,0,0,0,0,0,0,0,1,0,1,0,0,0,0,0,0,1,0,0
0.324018368757263,0.5081408740359897,0.4410347509737228,5259,0,0,0,1,0,0,0,0,0,0,0,0,0,0,1,0,0,1,0,0,0,0,0,1,0,0
0.27625232294701574,0.5831187660668381,0.311544509023725,5686,0,0,0,1,0,0,0,0,0,0,0,0,0,0,1,0,0,0,1,0,0,0,0,1,0,0
0.2949430592947413,0.5629820051413882,0.580772970901391,5035,0,0,0,1,0,0,0,0,0,0,0,0,0,0,1,0,0,0,0,1,0,0,0,0,1,0
0.3651467110658878,0.34290796915167093,0.6709184814686006,5315,0,0,0,1,0,0,0,0,0,0,0,0,0,0,1,0,0,0,0,0,1,0,0,1,0,0
0.37697545507581837,0.5561264781491003,0.3961609355160777,5992,0,0,0,1,0,0,0,0,0,0,0,0,0,0,1,0,0,0,0,0,0,1,0,1,0,0
0.4112418050466484,0.6636678663239075,0.07309049205755937,6536,0,0,0,1,0,0,0,0,0,0,0,0,0,0,1,0,0,0,0,0,0,0,1,1,0,0
0.4506991955257866,0.6778066838046273,0.21668628921150354,6852,0,0,0,1,0,0,0,0,0,0,0,0,0,0,1,0,1,0,0,0,0,0,0,1,0,0
0.5306544274740866,0.7626395886889461,0.3115527552341274,6269,0,0,0,1,0,0,0,0,0,0,0,0,0,0,1,0,0,1,0,0,0,0,0,1,0,0
0.35413039106253846,0.6816627249357327,0.6589841534636247,4094,0,0,0,1,0,0,0,0,0,0,0,0,0,0,1,0,0,0,1,0,0,0,0,0,1,0
0.28663689606181203,0.5676946015424165,0.36537577053105386,5495,0,0,0,1,0,0,0,0,0,0,0,0,0,0,1,0,0,0,0,1,0,0,0,1,0,0
0.3271334914818838,0.6379609254498715,0.2692290803434464,5445,0,0,0,1,0,0,0,0,0,0,0,0,0,0,1,0,0,0,0,0,1,0,0,0,1,0
0.3562075548953157,0.5394169665809769,0.30641536615338816,5698,0,0,0,1,0,0,0,0,0,0,0,0,0,0,1,0,0,0,0,0,0,1,0,1,0,0
0.3312865730983484,0.5608401028277635,0.3243591199891645,5629,0,0,0,1,0,0,0,0,0,0,0,0,0,0,1,0,0,0,0,0,0,0,1,1,0,0
0.3530924321706948,0.7125110539845759,0.42307244316454096,4669,0,0,0,1,0,0,0,0,0,0,0,0,0,0,1,0,1,0,0,0,0,0,0,1,0,0
0.40085723193185213,0.640959383033419,0.4384413178021458,5499,0,0,0,1,0,0,0,0,0,0,0,0,0,0,1,0,0,1,0,0,0,0,0,0,1,0
0.3925510686989229,0.7043701799485861,0.12438027151884681,5634,0,0,0,1,0,0,0,0,0,0,0,0,0,0,1,0,0,0,1,0,0,0,0,0,1,0
0.36659088196102213,0.6311053984575835,0.16668539243612226,5146,0,0,0,1,0,0,0,0,0,0,0,0,0,0,1,0,0,0,0,1,0,0,0,1,0,0
0.3499773094460739,0.5968298200514138,0.06283426786948641,2425,0,0,0,1,0,0,0,0,0,0,0,0,0,0,1,0,0,0,0,0,1,0,0,1,0,0
0.38528161830874763,0.5848329048843187,0.258991410128779,3910,0,0,0,1,0,0,0,0,0,0,0,0,0,0,1,0,0,0,0,0,0,1,0,1,0,0
0.27313720022239485,0.4160236503856041,0.7307777227801355,2277,0,0,0,1,0,0,0,0,0,0,0,0,0,0,1,0,0,0,0,0,0,0,1,1,0,0
0.23264060480232304,0.4815763496143959,0.26410199902571024,2424,0,0,0,1,0,0,0,0,0,0,0,0,0,0,1,0,1,0,0,0,0,0,0,1,0,0
0.3167489183670876,0.550557326478149,0.050009761451563925,5087,0,0,0,1,0,0,0,0,0,0,0,0,0,0,1,0,0,1,0,0,0,0,0,1,0,0
0.2897520187864329,0.8089120822622109,0.4435848915406869,3959,0,0,0,1,0,0,0,0,0,0,0,0,0,0,1,0,0,0,1,0,0,0,0,0,1,0
0.2959822642356748,0.5205655526992288,0.38845691344756944,5260,0,0,0,1,0,0,0,0,0,0,0,0,0,0,1,0,0,0,0,1,0,0,0,1,0,0
0.27629842676334015,0.5713645244215938,0.19199301216130493,5323,0,0,0,1,0,0,0,0,0,0,0,0,0,0,1,0,0,0,0,0,1,0,0,1,0,0
0.29805818201936213,0.6679516709511567,0.07437896243294542,5668,0,0,0,1,0,0,0,0,0,0,0,0,0,0,1,0,0,0,0,0,0,1,0,1,0,0
0.29805818201936213,0.8294776349614397,0.07692168141054725,5191,0,0,0,1,0,0,0,0,0,0,0,0,0,0,0,1,0,0,0,0,0,0,1,0,1,0
0.3593226776199367,0.8466149100257069,0.2102521835449757,4649,0,0,0,1,0,0,0,0,0,0,0,0,0,0,0,1,1,0,0,0,0,0,0,0,1,0
0.4901578320540147,0.7892030848329049,0.12437161299792421,6234,0,0,0,1,0,0,0,0,0,0,0,0,0,0,0,1,0,1,0,0,0,0,0,1,0,0
0.5192318954674466,0.7544987146529563,0.3128144254257054,6606,0,0,0,1,0,0,0,0,0,0,0,0,0,0,0,1,0,0,1,0,0,0,0,1,0,0
0.47250505459813297,0.4987146529562982,0.6218246678374911,5729,0,0,0,1,0,0,0,0,0,0,0,0,0,0,0,1,0,0,0,1,0,0,0,1,0,0
0.2451010957008067,0.5231362467866324,0.3141028958010915,5375,0,0,0,1,0,0,0,0,0,0,0,0,0,0,0,1,0,0,0,0,1,0,0,1,0,0
0.3260942865409503,0.7857758354755785,0.22307710227341832,5008,0,0,0,1,0,0,0,0,0,0,0,0,0,0,0,1,0,0,0,0,0,1,0,0,1,0
0.40189643687278565,0.9370179948586118,0.16283647373076904,5582,0,0,0,1,0,0,0,0,0,0,0,0,0,0,0,1,0,0,0,0,0,0,1,0,1,0
0.40501155959740653,0.9310200514138818,0.2795121047153274,3228,0,0,0,1,0,0,0,0,0,0,0,0,0,0,0,1,1,0,0,0,0,0,0,0,1,0
0.46938993187351213,0.9511568123393316,0.3461682849510989,5170,0,0,0,1,0,0,0,0,0,0,0,0,0,0,0,1,0,1,0,0,0,0,0,0,1,0
0.36659088196102213,0.6135393316195372,0.5641341798618058,5501,0,0,0,1,0,0,0,0,0,0,0,0,0,0,0,1,0,0,1,0,0,0,0,0,1,0
0.29702022312751847,0.5535557840616967,0.28974152871959236,5319,0,0,0,1,0,0,0,0,0,0,0,0,0,0,0,1,0,0,0,1,0,0,0,0,1,0
0.2949430592947413,0.4995712082262211,0.3128144254257054,5532,0,0,0,1,0,0,0,0,0,0,0,0,0,0,0,1,0,0,0,0,1,0,0,1,0,0
0.27729152788794925,0.6610971722365039,0.22437381885920682,5611,0,0,0,1,0,0,0,0,0,0,0,0,0,0,0,1,0,0,0,0,0,1,0,1,0,0
0.3302486142065047,0.6688092544987148,0.17308445170843953,5047,0,0,0,1,0,0,0,0,0,0,0,0,0,0,0,1,0,0,0,0,0,0,1,1,0,0
0.3780134139676621,0.8624678663239075,0.16152326472417558,3786,0,0,0,1,0,0,0,0,0,0,0,0,0,0,0,1,1,0,0,0,0,0,0,0,1,0
0.4164328455549567,0.9327331619537275,0.15640298653002144,4585,0,0,0,1,0,0,0,0,0,0,0,0,0,0,0,1,0,1,0,0,0,0,0,0,1,0
0.43823870462730297,0.6850899742930592,0.4102743246199063,5557,0,0,0,1,0,0,0,0,0,0,0,0,0,0,0,1,0,0,1,0,0,0,0,1,0,0
0.34063194127221114,0.6431023136246786,0.3333536739856594,5267,0,0,0,1,0,0,0,0,0,0,0,0,0,0,0,1,0,0,0,1,0,0,0,1,0,0
0.33751681854759025,0.6868041131105399,0.22691777476836908,4128,0,0,0,1,0,0,0,0,0,0,0,0,0,0,0,1,0,0,0,0,1,0,0,0,1,0
0.3333637369311257,0.5724082262210797,0.7256485799097987,3623,1,0,0,0,0,0,0,0,0,0,0,0,0,0,0,1,0,0,0,0,0,1,0,0,1,0
0.25756158659929035,0.4537275064267352,0.7936035382839594,1749,1,0,0,0,0,0,0,0,0,0,0,0,0,0,0,1,0,0,0,0,0,0,1,1,0,0
0.23264060480232304,0.5299917737789203,0.22819593738075203,1787,1,0,0,0,0,0,0,0,0,0,0,0,0,0,0,1,1,0,0,0,0,0,0,1,0,0
0.21453675757591617,0.8136802056555269,0.11305286459949287,920,1,0,0,0,0,0,0,0,0,0,0,0,0,0,0,1,0,1,0,0,0,0,0,0,1,0
0.289299702966818,0.7555609254498715,0.3016758567245681,1013,1,0,0,0,0,0,0,0,0,0,0,0,0,0,0,1,0,0,1,0,0,0,0,0,1,0
0.22952548207770218,0.8466149100257069,0.6064145621478738,441,1,0,0,0,0,0,0,0,0,0,0,0,0,0,0,1,0,0,0,1,0,0,0,0,0,1
0.24302517791711933,0.6713799485861183,0.6756559293448199,2114,1,0,0,0,0,0,0,0,0,0,0,0,0,0,0,1,0,0,0,0,1,0,0,0,1,0
0.24198597297618576,0.6066838046272494,0.27434997700338076,3095,1,0,0,0,0,0,0,0,0,0,0,0,0,0,0,1,0,0,0,0,0,1,0,0,1,0
0.24198597297618576,0.7742077120822622,0.21026042975537818,1341,1,0,0,0,0,0,0,0,0,0,0,0,0,0,0,1,0,0,0,0,0,0,1,0,1,0
0.2451010957008067,0.4970005141388175,0.6769361535098035,1796,1,0,0,0,0,0,0,0,0,0,0,0,0,0,0,1,1,0,0,0,0,0,0,1,0,0
0.19525913210687212,0.5938303341902313,0.27306150662799467,2729,1,0,0,0,0,0,0,0,0,0,0,0,0,0,0,1,0,1,0,0,0,0,0,0,1,0
